ID_SUCURSAL_COMPRA,ID_SUCURSAL,ID_COMPRA,CURP_RECIBIO,TS_INGRESO
1,20,7317707,COMM900506FTSCOA03,09/19/2018
2,13,18612685,HERS800926FCHBUT83,03/04/2012
3,11,21575461,CACA880301FCHMRU20,08/07/2013
4,5,25488792,MASA790911FCLXEU22,01/21/2016
5,4,30694580,KILT800801FOCTAI84,02/12/2015
6,5,32365959,GIHN980222MCMLAI09,06/17/2020
7,7,34683001,CUCL990924MASRHA62,10/30/2017
8,5,50898070,ARWJ970404MQTROO60,12/14/2019
9,10,55509441,REMV970310MYNVOA05,01/24/2018
10,10,56006646,FAIG991004MSPRTE27,11/28/2012
11,11,57777081,STHR841219FTLAAA64,08/31/2012
12,19,72539630,CACH800731MMSZLE85,03/26/2017
13,17,82870485,OSKC980330BYNOUO94,07/14/2012
14,17,86233703,PACA700821FGTULN20,08/19/2014
15,11,88173089,VEMC760926FQRNAA13,10/25/2020
16,11,98993520,LEBC850828PSPTLO16,02/09/2016
17,17,101466557,FAJJ841022MBSLAU69,09/26/2014
18,11,108932748,DOEB820928MDFMNE22,10/14/2017
19,11,109161308,CHRH921025MTLEOA42,09/14/2014
20,11,112163261,CRPA890528MPLAHU58,01/05/2016
21,7,122997964,KEEC990619MQTHDO55,09/16/2013
22,16,123406773,NOGE840522MTCRRV12,05/19/2011
23,19,129686162,GLGL840412FNLAOO81,12/28/2010
24,8,130915885,TACM870706MVZNRA14,11/09/2014
25,2,139698607,DRKR870309MTCOIO34,01/10/2019
26,8,144647539,HERS800926FCHBUT83,11/04/2015
27,20,159944260,CRDW760222FBSIEA91,02/23/2013
28,20,160866302,BUBM970516FOCMRE84,02/26/2013
29,7,180367387,SHSS960626FGRECI13,03/17/2015
30,7,204003540,OSKC980330BYNOUO94,09/14/2011
31,1,213601987,HEMD820611MGTAEU67,11/30/2010
32,14,230541311,HEMD820611MGTAEU67,01/29/2016
33,20,235840183,WHGD870116FVZAUA72,01/11/2017
34,14,242785795,LEBC850828PSPTLO16,07/20/2017
35,10,245033810,PASR941118MDFCTO81,02/10/2015
36,17,246106528,RYHB770516PCCAEE69,10/23/2018
37,16,248657102,DAJR941016MDGLIA11,03/10/2011
38,16,260388075,MCCS951214FNLCHH80,07/22/2017
39,8,270311679,KABH790308MBSROA03,09/06/2017
40,10,289041425,COGD820217MOCTRO55,11/14/2019
41,1,290659696,DAJR941016MDGLIA11,07/29/2019
42,5,294375960,GHCF761019BMCEHI76,08/06/2018
43,8,309304292,KABH790308MBSROA03,06/06/2018
44,8,316179929,NEAG970216FMSWBR17,07/24/2017
45,7,321067189,KUWS910402NNLBEI94,12/13/2012
46,17,329380863,ROSE760109MASWUR22,06/08/2012
47,7,352898195,VAJJ860909FJCSIA20,08/19/2018
48,2,356665050,HUPF751231FCMNAE48,08/05/2012
49,19,399610235,REMV970310MYNVOA05,10/14/2014
50,14,422290088,ALMA830409MSRMAL39,04/18/2019
51,4,438183334,DACK761125FBSRUI38,09/30/2013
52,7,443440451,PIGO910404FMNDED41,05/14/2017
53,17,450081685,COMM900506FTSCOA03,05/24/2016
54,10,453843134,GAVF891225FTSDIR46,05/30/2015
55,14,510168593,VEMC760926FQRNAA13,10/12/2011
56,4,554038817,GADA911027FHGSIG96,09/16/2012
57,7,555709318,GELG970223FGTIEL29,11/03/2020
58,19,560350193,KEEC990619MQTHDO55,09/11/2012
59,7,567987047,VAPC920826MPLRUO86,03/24/2016
60,11,573357308,BEWB981224FPLLOA85,06/08/2018
61,5,579867823,NOGE840522MTCRRV12,02/24/2011
62,13,582179862,VAPC920826MPLRUO86,03/15/2014
63,13,585317770,GELG970223FGTIEL29,04/16/2017
64,19,597142697,DOEB820928MDFMNE22,07/08/2018
65,19,613775184,MCCS951214FNLCHH80,11/22/2011
66,16,620808031,DOBL850516BQRNOI91,07/21/2015
67,17,661512252,BUBM970516FOCMRE84,11/24/2017
68,1,678011887,PAAC920419FGTTVO87,06/18/2013
69,2,678110369,THFT841224MQROII59,08/01/2018
70,16,699854461,CACH800731MMSZLE85,01/08/2011
71,7,712448798,DOEB820928MDFMNE22,01/28/2017
72,19,716293796,MABP780714MMNFRA82,10/26/2014
73,13,718634349,KRSH740910NOCYIO87,02/02/2019
74,1,731712789,MCCS951214FNLCHH80,12/18/2015
75,5,739229547,CACA880301FCHMRU20,12/27/2010
76,2,742653722,BALS870921MCSUAC68,01/08/2020
77,10,748169131,STHR841219FTLAAA64,06/01/2012
78,2,756106436,GHCF761019BMCEHI76,03/21/2012
79,13,756355837,CACH800731MMSZLE85,12/02/2016
80,13,785772867,MCCS951214FNLCHH80,02/17/2018
81,16,797068148,LEBC850828PSPTLO16,06/01/2019
82,8,827615794,SHCJ990110FCHAAU13,07/06/2020
83,20,834156899,VAPC920826MPLRUO86,08/05/2014
84,19,836519913,GIHN980222MCMLAI09,01/02/2018
85,11,845754924,RYHB770516PCCAEE69,03/07/2014
86,16,855684947,FESJ871216MBCRHE05,04/01/2019
87,20,866449098,MACK750122MCLCRI37,01/10/2019
88,14,867162149,BUBM970516FOCMRE84,10/30/2019
89,7,884625105,DACK761125FBSRUI38,08/29/2020
90,4,896176977,LEBC850828PSPTLO16,03/24/2016
91,14,903967809,PIGO910404FMNDED41,06/03/2015
92,11,917969834,LOSK880201ATLUAA99,08/23/2011
93,14,920587366,INTL800217FSLKIE81,05/28/2019
94,16,928939801,MCCS951214FNLCHH80,12/27/2019
95,7,942031103,GLGL840412FNLAOO81,05/13/2017
96,11,948129120,VAJJ860909FJCSIA20,02/04/2013
97,16,981950416,EBHL720222MCLBAA97,04/26/2013
98,2,985458885,BABG810617FHGUIA28,01/09/2014
99,1,988821479,VEEH800225MCSRRU48,01/27/2013
100,16,1003892755,ANQS780903FQTDUA20,09/28/2016
101,8,1005448075,HABA820225FTLRIL45,05/26/2020
102,17,1023594617,HEMD820611MGTAEU67,10/30/2012
103,8,1051308191,HUVR861220MTCGEO09,08/21/2016
104,16,1068682285,FESJ871216MBCRHE05,03/07/2018
105,19,1082057430,MUOS760923MNTNPI24,07/07/2017
106,20,1089293594,LOSK880201ATLUAA99,12/11/2015
107,11,1099943705,CACH800731MMSZLE85,10/05/2013
108,11,1106337773,DETE720227MMCDRP41,03/12/2015
109,10,1109997030,INTL800217FSLKIE81,12/02/2012
110,11,1157681117,LEBC850828PSPTLO16,05/17/2015
111,10,1170098579,REMV970310MYNVOA05,03/05/2018
112,14,1172888208,LEBC850828PSPTLO16,03/04/2019
113,7,1178482503,DACK761125FBSRUI38,11/11/2014
114,14,1197017565,SHCJ990110FCHAAU13,09/11/2011
115,5,1197135548,DAJR941016MDGLIA11,09/20/2013
116,11,1207961944,GLGL840412FNLAOO81,02/09/2020
117,8,1214436306,MCAO920101FHGCCL03,05/16/2019
118,13,1218794201,EBHL720222MCLBAA97,06/19/2012
119,17,1223033835,HEMD820611MGTAEU67,07/17/2017
120,11,1224048930,BUBM970516FOCMRE84,09/13/2017
121,8,1225687425,DAJR941016MDGLIA11,12/19/2010
122,5,1236249257,NEAG970216FMSWBR17,12/01/2013
123,10,1258821352,VAPC920826MPLRUO86,12/28/2018
124,11,1264540663,BEWB981224FPLLOA85,03/23/2016
125,14,1276634306,CRPA890528MPLAHU58,02/17/2015
126,1,1296323035,WHGD870116FVZAUA72,05/21/2015
127,10,1322810414,STWL800319GMCUAO28,11/11/2013
128,4,1323826553,SAMC711103FGTWEH64,03/25/2017
129,11,1332043618,DACK761125FBSRUI38,11/25/2012
130,4,1339812248,BEWB981224FPLLOA85,01/21/2015
131,19,1352479293,DABR930520MPLRIA38,01/23/2017
132,20,1354965076,ARWJ970404MQTROO60,04/17/2016
133,1,1359414593,PASR941118MDFCTO81,06/03/2011
134,17,1359964080,SAMC711103FGTWEH64,08/14/2020
135,1,1362983622,MABP780714MMNFRA82,07/22/2016
136,16,1366137907,COMM900506FTSCOA03,04/13/2017
137,2,1380304031,KEEC990619MQTHDO55,05/09/2018
138,17,1394209489,KLAL900916FDGEIE04,04/20/2017
139,13,1396651020,VEEH800225MCSRRU48,09/01/2016
140,13,1402769956,BEWB981224FPLLOA85,04/24/2012
141,20,1404339698,VAJJ860909FJCSIA20,11/12/2016
142,2,1416267816,DABR930520MPLRIA38,03/30/2014
143,10,1419800352,ROSE760109MASWUR22,02/19/2017
144,8,1423356343,FESJ871216MBCRHE05,08/19/2019
145,4,1446806371,MASA790911FCLXEU22,09/21/2013
146,2,1451589738,CHRH921025MTLEOA42,02/15/2018
147,16,1459329913,COBI760520MASPAN90,04/09/2019
148,19,1486315426,ALMA830409MSRMAL39,10/25/2013
149,2,1525452873,HINA980519MOCNAD56,04/13/2015
150,13,1530250374,CACA880301FCHMRU20,10/06/2011
151,8,1549634775,COGD820217MOCTRO55,09/07/2020
152,13,1566036208,BALS870921MCSUAC68,08/02/2017
153,2,1568779312,VAJJ860909FJCSIA20,04/26/2018
154,17,1577678414,DABR930520MPLRIA38,07/19/2014
155,8,1596425744,VEMC760926FQRNAA13,07/16/2018
156,16,1604784118,DOEB820928MDFMNE22,12/20/2018
157,5,1605531127,DACK761125FBSRUI38,11/16/2016
158,19,1606380560,INTL800217FSLKIE81,03/05/2011
159,17,1612092251,STHR841219FTLAAA64,09/04/2016
160,8,1626606185,DOEB820928MDFMNE22,07/18/2011
161,2,1631628833,CHRH921025MTLEOA42,05/11/2019
162,16,1632801054,HUVR861220MTCGEO09,05/29/2016
163,4,1636520526,SPBH830615MASEEE39,02/24/2015
164,16,1642998921,GHCF761019BMCEHI76,02/18/2012
165,20,1655705084,PRGL701222FMCIII62,08/13/2016
166,20,1656774333,STWL800319GMCUAO28,06/08/2012
167,5,1661290214,OSKC980330BYNOUO94,05/25/2015
168,4,1668385100,DOBL850516BQRNOI91,10/15/2017
169,20,1676714399,DABR930520MPLRIA38,12/14/2017
170,16,1685287562,KLAL900916FDGEIE04,03/07/2019
171,14,1696834259,HUPF751231FCMNAE48,02/23/2013
172,8,1708221105,GLGL840412FNLAOO81,02/11/2015
173,2,1711683186,BABG810617FHGUIA28,07/22/2013
174,2,1725555913,HUPF751231FCMNAE48,08/18/2011
175,5,1742276861,FAIG991004MSPRTE27,03/01/2016
176,5,1755065031,MAEP901211MGTCNA73,07/07/2015
177,20,1756942797,STWL800319GMCUAO28,09/08/2018
178,13,1763677616,FESJ871216MBCRHE05,03/26/2011
179,10,1765631794,ANQS780903FQTDUA20,07/31/2019
180,8,1769516411,HERS800926FCHBUT83,01/24/2019
181,1,1769798866,VEMC760926FQRNAA13,01/02/2019
182,17,1797425467,CEPY851026FNTSRO85,05/31/2020
183,11,1809498808,LOSK880201ATLUAA99,10/21/2020
184,7,1814912252,HUPF751231FCMNAE48,05/07/2013
185,11,1819764368,THFT841224MQROII59,11/06/2016
186,8,1857156628,DAJR941016MDGLIA11,08/28/2011
187,10,1875837656,MACK750122MCLCRI37,03/12/2014
188,11,1894215344,CUCL990924MASRHA62,10/16/2011
189,19,1907133247,TACM870706MVZNRA14,07/26/2017
190,10,1907562672,CACH800731MMSZLE85,11/28/2013
191,19,1913871867,FESJ871216MBCRHE05,11/03/2011
192,20,1915892064,PAME910207FSLWCN51,06/08/2014
193,4,1916693898,STWL800319GMCUAO28,10/10/2020
194,10,1929143069,DRKR870309MTCOIO34,12/26/2018
195,17,1929985890,MUOS760923MNTNPI24,03/30/2015
196,5,1932265087,EBHL720222MCLBAA97,08/13/2012
197,4,1952090941,DOBL850516BQRNOI91,11/12/2014
198,1,1964011137,ARWJ970404MQTROO60,11/18/2013
199,2,1993012544,SMDH870821NDFAUA60,07/28/2017
200,8,1997363603,BALS870921MCSUAC68,05/02/2017
201,13,2005310385,COMM900506FTSCOA03,05/07/2011
202,20,2006417731,MCCS951214FNLCHH80,11/15/2015
203,16,2017292147,CACA880301FCHMRU20,09/29/2020
204,19,2053016195,MAWA931112FCHRAB49,01/27/2019
205,4,2063350953,HERS800926FCHBUT83,05/13/2020
206,10,2072120683,STHR841219FTLAAA64,02/01/2016
207,17,2072682649,DRND851022BTCIIA89,12/04/2013
208,11,2095815500,DRKR870309MTCOIO34,12/14/2014
209,8,2131012971,VAJJ860909FJCSIA20,09/13/2011
210,13,2141291525,BALS870921MCSUAC68,11/05/2016
211,17,2148295464,DABR930520MPLRIA38,06/05/2018
212,17,2149246264,DISG740707FSLLWW28,07/14/2016
213,11,2149975222,CUCL990924MASRHA62,08/04/2011
214,7,2162846668,CRFB880126FPLUEA78,08/28/2018
215,14,2168065162,MCCS951214FNLCHH80,03/23/2013
216,20,2170586646,LIMD721115MJCMIO09,08/04/2012
217,20,2171110611,HEMD820611MGTAEU67,05/07/2013
218,2,2172826882,TACM870706MVZNRA14,08/29/2015
219,8,2185451597,LEBC850828PSPTLO16,02/07/2020
220,13,2189489325,FESJ871216MBCRHE05,07/27/2012
221,11,2199508992,GIHN980222MCMLAI09,07/19/2015
222,2,2215674436,ALMA830409MSRMAL39,05/20/2019
223,4,2221057562,OSKC980330BYNOUO94,09/04/2019
224,11,2227824632,MAWA931112FCHRAB49,12/09/2019
225,20,2232089381,LIMD721115MJCMIO09,08/29/2016
226,13,2232351878,CUCL990924MASRHA62,09/30/2013
227,17,2234835538,PASR941118MDFCTO81,02/12/2012
228,7,2250900819,PUOL940815MCHDNA54,09/23/2019
229,5,2252787517,SHSS960626FGRECI13,10/11/2012
230,16,2256247537,PRGL701222FMCIII62,12/30/2011
231,17,2258869404,HABA820225FTLRIL45,07/22/2013
232,13,2267194714,VEEH800225MCSRRU48,10/28/2011
233,5,2282822200,INTL800217FSLKIE81,03/26/2018
234,11,2283572845,HABA820225FTLRIL45,05/16/2019
235,10,2301744321,PASR941118MDFCTO81,04/13/2020
236,17,2305257430,COHJ760326MDFSUU07,01/02/2020
237,2,2308194632,GHCF761019BMCEHI76,04/19/2020
238,2,2311096650,GELG970223FGTIEL29,12/31/2016
239,4,2319516345,DRND851022BTCIIA89,06/21/2019
240,17,2326620583,TRPL890731GDFUEA46,02/17/2019
241,13,2327308474,COBI760520MASPAN90,06/18/2011
242,5,2335874969,SHSS960626FGRECI13,07/30/2014
243,1,2341105107,CUCL990924MASRHA62,01/31/2018
244,17,2343560114,GADA911027FHGSIG96,04/22/2019
245,20,2376876495,NEAG970216FMSWBR17,06/11/2017
246,4,2377337578,STHR841219FTLAAA64,01/17/2018
247,11,2393051267,BALS870921MCSUAC68,08/17/2019
248,16,2397364889,DOEB820928MDFMNE22,04/23/2011
249,14,2406751615,DABR930520MPLRIA38,09/17/2016
250,11,2415143256,ARWJ970404MQTROO60,06/28/2015
251,2,2431996001,SPBH830615MASEEE39,12/31/2019
252,14,2437549265,CRDW760222FBSIEA91,06/09/2012
253,19,2441217245,MCAO920101FHGCCL03,02/21/2016
254,5,2448870393,VAJJ860909FJCSIA20,10/07/2016
255,10,2449299063,LOSK880201ATLUAA99,10/22/2016
256,8,2452773137,SHSS960626FGRECI13,04/14/2013
257,17,2456516857,MAWA931112FCHRAB49,08/05/2014
258,14,2462126223,LOSK880201ATLUAA99,02/23/2019
259,17,2490908421,DRND851022BTCIIA89,07/29/2013
260,14,2494148686,FAIG991004MSPRTE27,06/25/2020
261,17,2506333615,COBI760520MASPAN90,07/13/2015
262,1,2512223602,ARWJ970404MQTROO60,06/13/2015
263,7,2514619317,SMDH870821NDFAUA60,03/13/2011
264,11,2527778251,BABG810617FHGUIA28,03/28/2020
265,20,2532410275,GLGL840412FNLAOO81,07/04/2011
266,10,2542850518,PASR941118MDFCTO81,03/14/2016
267,2,2559999860,VAPC920826MPLRUO86,05/28/2017
268,17,2573618469,PRGL701222FMCIII62,02/24/2013
269,4,2598594267,REMV970310MYNVOA05,07/06/2016
270,11,2602172886,HABA820225FTLRIL45,03/27/2017
271,1,2622026402,GIHN980222MCMLAI09,11/08/2018
272,17,2622375004,KUWS910402NNLBEI94,10/04/2012
273,5,2630524421,MABP780714MMNFRA82,05/16/2019
274,1,2633816441,MABP780714MMNFRA82,05/20/2015
275,20,2634954440,KRSH740910NOCYIO87,07/01/2014
276,16,2636093399,HUPF751231FCMNAE48,06/08/2017
277,19,2643473422,EBHL720222MCLBAA97,12/17/2011
278,8,2645005648,BUBM970516FOCMRE84,03/26/2013
279,16,2652836050,SHSS960626FGRECI13,06/09/2017
280,1,2654190184,CHRH921025MTLEOA42,10/31/2019
281,1,2666487143,ANQS780903FQTDUA20,01/17/2011
282,19,2671530364,MABP780714MMNFRA82,08/24/2012
283,5,2689555612,DRND851022BTCIIA89,08/15/2011
284,10,2699938194,AYBK761021GPLCRA42,01/15/2017
285,10,2706196834,WHGD870116FVZAUA72,02/28/2018
286,20,2712647237,FESJ871216MBCRHE05,12/03/2011
287,8,2733004080,STWL800319GMCUAO28,05/23/2014
288,17,2738984056,COHJ760326MDFSUU07,08/22/2011
289,11,2764848569,MUOS760923MNTNPI24,09/23/2013
290,16,2768001173,BEWB981224FPLLOA85,04/30/2018
291,1,2772282499,BALS870921MCSUAC68,10/10/2016
292,14,2772286047,CACA880301FCHMRU20,04/07/2019
293,20,2788805718,FESJ871216MBCRHE05,05/31/2017
294,1,2804597813,BRBL860509FJCOAY25,09/12/2014
295,1,2806026625,COGD820217MOCTRO55,01/15/2018
296,13,2832747713,PAME910207FSLWCN51,03/08/2013
297,17,2834408264,HUPF751231FCMNAE48,07/27/2016
298,7,2863945605,FAIG991004MSPRTE27,12/24/2014
299,16,2885014630,CUCL990924MASRHA62,08/14/2015
300,16,2917270523,DRND851022BTCIIA89,02/20/2017
301,2,2920184466,HEMD820611MGTAEU67,01/26/2012
302,1,2939218337,THFT841224MQROII59,12/01/2011
303,20,2942510192,COHJ760326MDFSUU07,02/25/2013
304,13,2976167790,KABH790308MBSROA03,11/21/2014
305,2,2984876767,KILT800801FOCTAI84,08/05/2014
306,8,3021247716,DAJR941016MDGLIA11,05/26/2011
307,2,3026049356,CACA880301FCHMRU20,03/29/2018
308,20,3027270511,BALS870921MCSUAC68,03/07/2018
309,1,3058227755,AYBK761021GPLCRA42,08/26/2011
310,7,3082814300,EBHL720222MCLBAA97,04/25/2020
311,14,3092960719,KLAL900916FDGEIE04,05/10/2011
312,1,3095280991,ARWJ970404MQTROO60,10/01/2012
313,19,3121410277,COMM900506FTSCOA03,06/27/2012
314,10,3127399654,MASA790911FCLXEU22,03/04/2012
315,14,3140633742,GAVF891225FTSDIR46,07/24/2020
316,11,3142905878,CUCL990924MASRHA62,08/27/2020
317,19,3188957343,SMDH870821NDFAUA60,11/01/2018
318,16,3190125153,DUUS830112FTSIRT54,03/28/2020
319,1,3196845109,LOSK880201ATLUAA99,05/18/2020
320,13,3206838692,CRPA890528MPLAHU58,05/29/2017
321,4,3225372059,LIMD721115MJCMIO09,07/14/2015
322,19,3231116776,GLGL840412FNLAOO81,07/04/2014
323,13,3237193462,PAME910207FSLWCN51,12/09/2013
324,8,3243368319,VAJJ860909FJCSIA20,11/16/2020
325,11,3257751208,MCAO920101FHGCCL03,12/29/2011
326,20,3261024645,VEEH800225MCSRRU48,03/29/2017
327,7,3266911830,GHCF761019BMCEHI76,02/22/2020
328,11,3290950969,INTL800217FSLKIE81,05/28/2011
329,2,3297437711,MUOS760923MNTNPI24,09/26/2013
330,5,3298466775,CHML890621FMSAEU73,10/09/2013
331,4,3317698545,REMV970310MYNVOA05,04/20/2015
332,5,3324259946,BABG810617FHGUIA28,04/26/2018
333,19,3336774723,CEPY851026FNTSRO85,01/24/2020
334,10,3355696392,EBHL720222MCLBAA97,09/04/2017
335,1,3362199419,CACA880301FCHMRU20,03/16/2012
336,16,3376519647,KNBK960914FASOOA45,07/26/2014
337,2,3381306500,COBI760520MASPAN90,10/22/2017
338,10,3386531504,COMM900506FTSCOA03,01/13/2018
339,11,3388732384,PAME910207FSLWCN51,03/24/2013
340,4,3390929973,KILT800801FOCTAI84,10/13/2016
341,11,3392393927,HUVR861220MTCGEO09,09/18/2020
342,7,3403419992,GIHN980222MCMLAI09,08/10/2013
343,10,3404293647,KUWS910402NNLBEI94,07/27/2013
344,8,3432054459,PAME910207FSLWCN51,04/05/2017
345,10,3453916062,BABG810617FHGUIA28,06/15/2019
346,20,3454647334,KNBK960914FASOOA45,09/27/2015
347,17,3456294536,TRPL890731GDFUEA46,09/12/2015
348,11,3464920249,DOEB820928MDFMNE22,02/23/2020
349,1,3474035933,DOBL850516BQRNOI91,07/22/2020
350,13,3478661795,CACH800731MMSZLE85,05/25/2020
351,2,3487550564,THFT841224MQROII59,07/08/2019
352,11,3499433312,CACH800731MMSZLE85,05/02/2020
353,2,3503423987,BRBL860509FJCOAY25,11/14/2012
354,5,3510862472,CHGR981221MMSERU84,03/20/2017
355,11,3518766398,GHCF761019BMCEHI76,08/18/2017
356,5,3522674513,PAAC920419FGTTVO87,12/30/2019
357,19,3530219810,SHCJ990110FCHAAU13,06/27/2019
358,13,3535549237,TRPL890731GDFUEA46,10/09/2013
359,19,3537598973,PACA700821FGTULN20,09/21/2011
360,5,3547322688,MCCS951214FNLCHH80,11/08/2018
361,16,3551463290,EBHL720222MCLBAA97,05/29/2017
362,13,3593618030,FAIG991004MSPRTE27,11/19/2015
363,16,3616650892,CEPY851026FNTSRO85,05/20/2016
364,16,3619360644,EBHL720222MCLBAA97,04/17/2012
365,20,3648837542,CACA880301FCHMRU20,05/02/2014
366,10,3652934298,VEMC760926FQRNAA13,04/28/2016
367,16,3659098276,FESJ871216MBCRHE05,10/16/2011
368,1,3670112916,EBHL720222MCLBAA97,03/26/2013
369,5,3675394777,ROSE760109MASWUR22,03/04/2017
370,8,3690310707,DACK761125FBSRUI38,08/06/2013
371,17,3703589703,BALS870921MCSUAC68,07/13/2014
372,20,3707928194,KRSH740910NOCYIO87,09/22/2020
373,16,3726562643,GHCF761019BMCEHI76,04/13/2018
374,1,3762762181,CRDW760222FBSIEA91,12/05/2013
375,4,3764250766,ARWJ970404MQTROO60,07/19/2017
376,8,3772329979,ALMA830409MSRMAL39,10/10/2019
377,17,3775017552,CUCL990924MASRHA62,01/03/2017
378,5,3793070921,GIHN980222MCMLAI09,06/01/2020
379,17,3796193745,GOFM961107FTCTUO54,11/09/2015
380,5,3807810768,GELG970223FGTIEL29,10/03/2020
381,13,3809770259,GLGL840412FNLAOO81,12/19/2010
382,5,3816945814,PRGL701222FMCIII62,08/06/2019
383,17,3857274477,LOSK880201ATLUAA99,01/28/2014
384,4,3863113565,MCAO920101FHGCCL03,08/30/2012
385,7,3868404606,TACM870706MVZNRA14,07/21/2014
386,13,3868965482,KRSH740910NOCYIO87,11/07/2018
387,13,3899833298,MACK750122MCLCRI37,01/15/2012
388,1,3932823302,GAVF891225FTSDIR46,02/18/2016
389,14,3942733881,FAJJ841022MBSLAU69,05/06/2016
390,10,3945733075,PAAC920419FGTTVO87,10/03/2020
391,17,3951829041,WHGD870116FVZAUA72,08/08/2020
392,11,3956135708,NOGE840522MTCRRV12,07/11/2016
393,8,3966592294,GELG970223FGTIEL29,07/27/2012
394,13,3968495012,MCAO920101FHGCCL03,12/22/2011
395,19,3994478309,PIGO910404FMNDED41,12/29/2019
396,16,3999465968,GIHN980222MCMLAI09,05/24/2016
397,1,4012655104,BRBL860509FJCOAY25,09/28/2019
398,8,4015580026,PRGL701222FMCIII62,01/25/2016
399,17,4022938125,COBI760520MASPAN90,12/30/2019
400,19,4034076115,MCCS951214FNLCHH80,04/30/2015
401,19,4036987679,KEEC990619MQTHDO55,01/05/2012
402,11,4044293079,KNBK960914FASOOA45,10/31/2015
403,17,4051788576,CACH800731MMSZLE85,12/13/2012
404,16,4055014369,HABA820225FTLRIL45,11/21/2020
405,7,4078513731,AYBK761021GPLCRA42,04/28/2017
406,13,4088684551,KNBK960914FASOOA45,02/05/2019
407,10,4089707887,BETL920711FDGRWA64,11/12/2018
408,1,4096689407,KRSH740910NOCYIO87,11/25/2018
409,5,4101428445,DRND851022BTCIIA89,05/14/2012
410,17,4102734185,CACH800731MMSZLE85,06/16/2020
411,19,4104394310,DABR930520MPLRIA38,07/10/2012
412,7,4107607262,BETL920711FDGRWA64,08/22/2015
413,11,4109051588,SHSS960626FGRECI13,07/27/2015
414,4,4115301683,LIMD721115MJCMIO09,11/09/2014
415,14,4119860729,HUPF751231FCMNAE48,06/06/2019
416,20,4130228388,PUOL940815MCHDNA54,03/14/2019
417,20,4144197116,BETL920711FDGRWA64,04/30/2015
418,17,4144721862,MCAO920101FHGCCL03,08/07/2018
419,19,4158460269,GADA911027FHGSIG96,05/26/2011
420,10,4164715810,ROSE760109MASWUR22,03/07/2017
421,1,4170768019,MACK750122MCLCRI37,02/11/2016
422,16,4181601180,HERS800926FCHBUT83,08/04/2013
423,8,4187924945,DACK761125FBSRUI38,12/25/2012
424,19,4198127732,GELG970223FGTIEL29,05/09/2011
425,2,4211758194,PUOL940815MCHDNA54,09/29/2015
426,11,4217939384,DACK761125FBSRUI38,07/07/2019
427,16,4220576514,PAME910207FSLWCN51,09/12/2017
428,11,4225347321,KILT800801FOCTAI84,08/10/2011
429,16,4227703406,SAMC711103FGTWEH64,05/06/2015
430,8,4239292817,MACK750122MCLCRI37,05/24/2019
431,8,4250033826,PIGO910404FMNDED41,12/10/2015
432,11,4254189057,ROSE760109MASWUR22,01/01/2012
433,19,4255689944,FESJ871216MBCRHE05,05/03/2016
434,13,4267550000,TACM870706MVZNRA14,10/23/2012
435,5,4268913690,REMV970310MYNVOA05,08/01/2014
436,11,4281207168,REMV970310MYNVOA05,04/23/2020
437,17,4281768960,MAWA931112FCHRAB49,03/28/2012
438,17,4281852992,VEMC760926FQRNAA13,05/30/2014
439,4,4283347082,BETL920711FDGRWA64,10/10/2015
440,19,4287524211,MUOS760923MNTNPI24,03/28/2013
441,20,4299277273,GAVF891225FTSDIR46,10/21/2013
442,10,4320399088,WHGD870116FVZAUA72,08/06/2012
443,14,4339693283,GOFM961107FTCTUO54,08/28/2012
444,17,4343025393,COMM900506FTSCOA03,10/04/2013
445,1,4344738500,MCCS951214FNLCHH80,01/15/2018
446,4,4366972661,PAAC920419FGTTVO87,11/22/2012
447,14,4372499748,DAJR941016MDGLIA11,06/28/2019
448,8,4372791021,GHCF761019BMCEHI76,04/29/2018
449,4,4373998901,LEBC850828PSPTLO16,04/17/2018
450,17,4375673226,PRGL701222FMCIII62,07/31/2017
451,5,4388337870,LOSK880201ATLUAA99,06/03/2011
452,20,4389012902,CRPA890528MPLAHU58,09/11/2018
453,16,4412196922,GAVF891225FTSDIR46,08/17/2018
454,17,4428246513,MCAO920101FHGCCL03,10/29/2020
455,2,4445085565,MASA790911FCLXEU22,12/14/2010
456,1,4450179155,DOBL850516BQRNOI91,03/19/2016
457,19,4463989305,HERS800926FCHBUT83,07/29/2012
458,8,4477867837,DOEB820928MDFMNE22,04/02/2019
459,5,4489894896,HERS800926FCHBUT83,04/26/2018
460,20,4496475141,BRBL860509FJCOAY25,04/29/2018
461,11,4504809364,PIGO910404FMNDED41,10/28/2016
462,8,4534620157,LIMD721115MJCMIO09,05/27/2013
463,7,4586636457,LIMD721115MJCMIO09,01/08/2013
464,4,4587210570,DUUS830112FTSIRT54,07/22/2015
465,17,4601591860,SMDH870821NDFAUA60,12/09/2013
466,17,4611032668,CACH800731MMSZLE85,05/16/2014
467,17,4611724694,HEMD820611MGTAEU67,10/04/2012
468,16,4612344355,ARWJ970404MQTROO60,12/15/2011
469,7,4642220077,HUPF751231FCMNAE48,01/15/2018
470,16,4647006588,GADA911027FHGSIG96,04/12/2012
471,16,4669287744,VEEH800225MCSRRU48,07/29/2019
472,4,4680967140,GLGL840412FNLAOO81,07/08/2015
473,2,4713393670,GHCF761019BMCEHI76,09/29/2020
474,7,4716778888,CRPA890528MPLAHU58,02/18/2012
475,1,4718560323,VEEH800225MCSRRU48,03/14/2019
476,8,4723938238,GADA911027FHGSIG96,01/03/2020
477,13,4724187637,KLAL900916FDGEIE04,10/22/2016
478,20,4733428579,DAJR941016MDGLIA11,12/12/2019
479,4,4740858735,VASM801119AHGNLA39,08/06/2012
480,2,4747993189,VASM801119AHGNLA39,11/10/2011
481,20,4756430108,PAAC920419FGTTVO87,09/01/2011
482,19,4767995821,MAEP901211MGTCNA73,09/29/2016
483,8,4769930753,GLGL840412FNLAOO81,07/27/2017
484,20,4799923935,FAJJ841022MBSLAU69,08/08/2013
485,10,4801655704,VEMC760926FQRNAA13,09/23/2019
486,20,4802494855,GAVF891225FTSDIR46,01/04/2017
487,19,4814792710,HUVR861220MTCGEO09,04/09/2015
488,10,4819207158,DOEB820928MDFMNE22,04/24/2017
489,8,4832332447,SPBH830615MASEEE39,08/17/2016
490,16,4840856326,BALS870921MCSUAC68,10/23/2012
491,2,4851525012,SPBH830615MASEEE39,03/02/2018
492,8,4855991826,GLGL840412FNLAOO81,10/10/2020
493,10,4857774473,MASA790911FCLXEU22,11/20/2015
494,7,4872941086,MAWA931112FCHRAB49,03/02/2016
495,4,4877970524,GLGL840412FNLAOO81,04/20/2020
496,1,4881290475,TRPL890731GDFUEA46,10/24/2016
497,1,4886061572,BETL920711FDGRWA64,12/06/2016
498,13,4894581330,GELG970223FGTIEL29,12/08/2016
499,13,4895756640,HUVR861220MTCGEO09,08/29/2015
500,17,4920390270,NOGE840522MTCRRV12,07/15/2018
501,10,4961066695,VAPC920826MPLRUO86,05/15/2012
502,14,4969614208,BEWB981224FPLLOA85,12/09/2019
503,1,4974564478,MCAO920101FHGCCL03,08/06/2017
504,11,4989982195,MCCS951214FNLCHH80,10/21/2015
505,11,5006305725,HINA980519MOCNAD56,03/08/2011
506,2,5027698945,GELG970223FGTIEL29,12/26/2011
507,2,5042299544,VEEH800225MCSRRU48,06/09/2018
508,1,5050645996,DACK761125FBSRUI38,04/05/2011
509,19,5069792338,GIHN980222MCMLAI09,04/19/2014
510,17,5090034434,HEMD820611MGTAEU67,11/12/2017
511,2,5102185795,VASM801119AHGNLA39,05/13/2018
512,16,5102915088,INTL800217FSLKIE81,10/26/2014
513,16,5145587706,ALMA830409MSRMAL39,11/27/2019
514,11,5156127706,KILT800801FOCTAI84,03/30/2012
515,8,5189498551,MAWA931112FCHRAB49,11/19/2015
516,14,5195886416,GAVF891225FTSDIR46,03/27/2011
517,7,5201714872,GHCF761019BMCEHI76,11/01/2018
518,17,5218562305,GHCF761019BMCEHI76,04/26/2014
519,16,5223439597,REMV970310MYNVOA05,05/20/2020
520,14,5227177243,RYHB770516PCCAEE69,06/01/2018
521,11,5228838956,CHGR981221MMSERU84,01/15/2019
522,14,5237502798,GHCF761019BMCEHI76,11/04/2015
523,13,5259491267,CRDW760222FBSIEA91,07/29/2019
524,16,5259819510,TACM870706MVZNRA14,10/04/2020
525,7,5264044790,ALMA830409MSRMAL39,09/24/2013
526,8,5277228900,HUPF751231FCMNAE48,01/03/2011
527,11,5286479292,BRBL860509FJCOAY25,01/27/2018
528,16,5293567672,GAVF891225FTSDIR46,11/10/2019
529,4,5297743601,HERS800926FCHBUT83,05/01/2017
530,11,5302212880,PRGL701222FMCIII62,02/09/2017
531,13,5302475479,GADA911027FHGSIG96,07/25/2014
532,17,5322205938,LOSK880201ATLUAA99,01/30/2017
533,5,5325546099,PACA700821FGTULN20,10/30/2018
534,7,5326266012,ROSE760109MASWUR22,01/19/2011
535,11,5350525299,WHGD870116FVZAUA72,11/07/2014
536,13,5351804533,HERS800926FCHBUT83,07/23/2019
537,16,5355898349,CUCL990924MASRHA62,08/29/2013
538,8,5366528734,VASM801119AHGNLA39,09/11/2020
539,7,5373336761,NEAG970216FMSWBR17,04/13/2015
540,17,5373459017,GAVF891225FTSDIR46,08/26/2013
541,2,5385463981,OSKC980330BYNOUO94,12/12/2018
542,11,5391208402,MCAO920101FHGCCL03,05/31/2013
543,11,5392840536,OSKC980330BYNOUO94,05/19/2020
544,19,5427779668,MAEP901211MGTCNA73,04/02/2019
545,5,5434489108,OSKC980330BYNOUO94,02/25/2016
546,10,5436431249,GLGL840412FNLAOO81,10/04/2015
547,7,5439605517,HERS800926FCHBUT83,09/19/2020
548,14,5440853526,COMM900506FTSCOA03,03/02/2017
549,7,5445843678,DRND851022BTCIIA89,09/21/2015
550,14,5465517157,CHGR981221MMSERU84,08/13/2017
551,5,5466059180,VEMC760926FQRNAA13,11/08/2014
552,2,5467856230,DOBL850516BQRNOI91,01/03/2011
553,4,5488356494,HUVR861220MTCGEO09,10/19/2020
554,7,5489903541,LIMD721115MJCMIO09,06/30/2011
555,16,5504132537,REMV970310MYNVOA05,02/27/2017
556,2,5510048559,COHJ760326MDFSUU07,02/25/2017
557,5,5518683401,MABP780714MMNFRA82,12/29/2017
558,4,5523767073,TRPL890731GDFUEA46,04/24/2015
559,8,5534449932,BEWB981224FPLLOA85,01/24/2016
560,4,5551251500,MASA790911FCLXEU22,06/06/2011
561,10,5563213797,WHGD870116FVZAUA72,12/25/2011
562,4,5564180286,ALMA830409MSRMAL39,07/27/2019
563,11,5564263586,VASM801119AHGNLA39,10/20/2014
564,20,5611880895,OSKC980330BYNOUO94,03/15/2013
565,14,5618174994,SAMC711103FGTWEH64,08/09/2012
566,4,5625155725,TACM870706MVZNRA14,10/06/2017
567,4,5632123893,MAWA931112FCHRAB49,04/12/2018
568,2,5648241044,THFT841224MQROII59,03/16/2019
569,19,5661922544,HINA980519MOCNAD56,02/05/2020
570,11,5661925964,BALS870921MCSUAC68,03/10/2018
571,10,5690778611,MACK750122MCLCRI37,08/08/2018
572,2,5694340572,DACK761125FBSRUI38,02/17/2014
573,2,5708553455,KLAL900916FDGEIE04,11/16/2014
574,20,5721441928,EBHL720222MCLBAA97,04/13/2017
575,2,5741192384,HINA980519MOCNAD56,09/03/2015
576,7,5743056140,CUCL990924MASRHA62,04/08/2020
577,10,5762914761,GADA911027FHGSIG96,02/04/2019
578,1,5798693229,SHSS960626FGRECI13,11/27/2019
579,13,5803862425,DETE720227MMCDRP41,10/08/2018
580,4,5819971660,PUOL940815MCHDNA54,05/08/2013
581,19,5837876733,HABA820225FTLRIL45,12/21/2015
582,11,5843659740,KNBK960914FASOOA45,01/08/2011
583,19,5843882583,CACH800731MMSZLE85,12/14/2017
584,2,5848189362,STWL800319GMCUAO28,11/19/2014
585,19,5873441292,ALMA830409MSRMAL39,11/01/2015
586,19,5876038787,KUWS910402NNLBEI94,12/09/2015
587,16,5925707235,VEEH800225MCSRRU48,03/31/2011
588,2,5939207786,EBHL720222MCLBAA97,07/14/2012
589,14,5944534014,MACK750122MCLCRI37,08/14/2017
590,2,5953089858,CHRH921025MTLEOA42,08/19/2015
591,1,5953752860,DISG740707FSLLWW28,12/16/2018
592,17,5961478843,MABP780714MMNFRA82,07/23/2016
593,20,5962221490,HINA980519MOCNAD56,05/31/2020
594,2,5964406600,TACM870706MVZNRA14,06/26/2015
595,19,6011840296,PUOL940815MCHDNA54,05/26/2017
596,11,6019369547,COHJ760326MDFSUU07,11/21/2020
597,20,6020196304,CHRH921025MTLEOA42,11/16/2012
598,7,6044761295,KABH790308MBSROA03,07/05/2017
599,1,6051285442,WHGD870116FVZAUA72,07/31/2020
600,1,6057317448,FESJ871216MBCRHE05,04/23/2016
601,11,6061447365,GADA911027FHGSIG96,07/12/2020
602,19,6088242113,DRND851022BTCIIA89,01/21/2012
603,14,6096804274,TRPL890731GDFUEA46,06/29/2020
604,13,6105882236,NOGE840522MTCRRV12,04/05/2020
605,1,6108066230,VAPC920826MPLRUO86,05/06/2013
606,4,6112887474,BEWB981224FPLLOA85,10/05/2017
607,17,6117989366,PUOL940815MCHDNA54,03/24/2012
608,4,6128022375,ANQS780903FQTDUA20,05/05/2015
609,20,6161562568,VEEH800225MCSRRU48,01/27/2018
610,2,6174017446,TRPL890731GDFUEA46,10/11/2013
611,8,6194605963,COMM900506FTSCOA03,01/04/2016
612,2,6225990587,CHGR981221MMSERU84,12/02/2016
613,7,6239961519,GIHN980222MCMLAI09,09/19/2016
614,8,6242792445,BETL920711FDGRWA64,06/29/2011
615,20,6247153480,NEAG970216FMSWBR17,06/17/2018
616,1,6252351889,AYBK761021GPLCRA42,01/14/2018
617,8,6254122099,ANQS780903FQTDUA20,03/10/2014
618,19,6254195426,VAJJ860909FJCSIA20,04/09/2012
619,8,6260665937,GHCF761019BMCEHI76,11/15/2013
620,2,6261065648,STWL800319GMCUAO28,08/31/2020
621,4,6278379553,KILT800801FOCTAI84,03/17/2018
622,13,6282836761,CRFB880126FPLUEA78,11/05/2019
623,16,6283582873,CHGR981221MMSERU84,03/29/2011
624,1,6291834006,SMDH870821NDFAUA60,05/21/2017
625,2,6297064818,GAVF891225FTSDIR46,12/13/2012
626,10,6318817708,KNBK960914FASOOA45,08/15/2013
627,20,6328452099,CRFB880126FPLUEA78,05/03/2019
628,19,6330009559,GELG970223FGTIEL29,03/29/2012
629,1,6333728074,CRFB880126FPLUEA78,04/17/2019
630,11,6348147242,GIHN980222MCMLAI09,06/28/2019
631,17,6350195779,MCAO920101FHGCCL03,08/16/2019
632,8,6354788729,KRSH740910NOCYIO87,09/12/2018
633,11,6363098181,KRSH740910NOCYIO87,08/16/2013
634,14,6364420745,KRSH740910NOCYIO87,07/03/2016
635,7,6393861540,INTL800217FSLKIE81,02/02/2014
636,14,6401091024,BALS870921MCSUAC68,05/26/2012
637,14,6402731088,PUOL940815MCHDNA54,04/12/2011
638,16,6405299281,DETE720227MMCDRP41,02/26/2019
639,16,6421414401,PACA700821FGTULN20,04/13/2016
640,11,6458588320,VAPC920826MPLRUO86,10/05/2012
641,17,6469092113,COBI760520MASPAN90,01/16/2019
642,7,6469540464,VAJJ860909FJCSIA20,05/14/2018
643,14,6489379374,SPBH830615MASEEE39,12/19/2014
644,10,6491815127,VEEH800225MCSRRU48,11/21/2014
645,4,6499383004,SHCJ990110FCHAAU13,10/22/2017
646,16,6499765265,GIWG820104FNLLAE76,11/07/2020
647,16,6509185294,MASA790911FCLXEU22,02/05/2013
648,19,6526451022,KLAL900916FDGEIE04,11/03/2015
649,19,6527256212,DACK761125FBSRUI38,05/12/2015
650,14,6540332595,HEMD820611MGTAEU67,09/04/2013
651,5,6541549442,FAIG991004MSPRTE27,09/16/2015
652,7,6555169542,GIWG820104FNLLAE76,09/30/2013
653,16,6596539974,SMDH870821NDFAUA60,11/01/2017
654,10,6602832435,VEMC760926FQRNAA13,01/28/2014
655,11,6637725607,LEBC850828PSPTLO16,07/31/2015
656,7,6641665732,TRPL890731GDFUEA46,02/19/2011
657,8,6654193145,MAWA931112FCHRAB49,02/11/2017
658,17,6667098122,PUOL940815MCHDNA54,02/19/2015
659,4,6675947923,BRBL860509FJCOAY25,12/05/2012
660,14,6706806473,WHGD870116FVZAUA72,07/10/2015
661,10,6715950193,VAJJ860909FJCSIA20,01/07/2015
662,13,6718116596,KLAL900916FDGEIE04,04/09/2020
663,8,6776277926,KABH790308MBSROA03,09/21/2012
664,17,6780665209,COMM900506FTSCOA03,02/28/2011
665,1,6781329318,VAPC920826MPLRUO86,05/02/2020
666,1,6782905025,STHR841219FTLAAA64,11/17/2013
667,14,6787527368,DISG740707FSLLWW28,06/27/2014
668,20,6804669493,HEMD820611MGTAEU67,08/11/2018
669,10,6812772105,DISG740707FSLLWW28,03/07/2012
670,11,6825475857,VAJJ860909FJCSIA20,04/06/2020
671,5,6830694797,KNBK960914FASOOA45,12/14/2012
672,7,6834540337,DACK761125FBSRUI38,10/20/2012
673,13,6839946496,OSKC980330BYNOUO94,09/02/2015
674,14,6841476700,DABR930520MPLRIA38,07/03/2014
675,10,6855580374,HUVR861220MTCGEO09,03/05/2019
676,7,6858779295,CRDW760222FBSIEA91,09/25/2020
677,1,6865035431,MASA790911FCLXEU22,07/14/2011
678,17,6868479678,PASR941118MDFCTO81,04/07/2011
679,20,6869684888,HUVR861220MTCGEO09,03/19/2017
680,19,6874506970,CHRH921025MTLEOA42,07/08/2019
681,1,6898460829,CRFB880126FPLUEA78,03/18/2019
682,17,6901985087,FESJ871216MBCRHE05,04/20/2020
683,17,6908484546,VAPC920826MPLRUO86,09/15/2015
684,8,6912755094,HABA820225FTLRIL45,10/17/2020
685,2,6922320542,GIHN980222MCMLAI09,03/09/2012
686,5,6927303036,CHGR981221MMSERU84,04/26/2012
687,13,6933732089,SHSS960626FGRECI13,12/26/2016
688,5,6935239137,TACM870706MVZNRA14,04/13/2011
689,19,6953701148,CHGR981221MMSERU84,06/15/2020
690,13,6958083032,CRPA890528MPLAHU58,11/12/2014
691,8,6959067204,ROSE760109MASWUR22,09/11/2014
692,7,6960983081,LOSK880201ATLUAA99,04/09/2018
693,5,6995562679,PRGL701222FMCIII62,09/29/2020
694,16,6996405651,DOEB820928MDFMNE22,09/24/2015
695,1,7001522037,DACK761125FBSRUI38,04/25/2013
696,5,7013255885,CACH800731MMSZLE85,12/06/2014
697,5,7019221775,PIGO910404FMNDED41,03/29/2013
698,2,7022492940,CHRH921025MTLEOA42,05/10/2020
699,17,7040300781,GADA911027FHGSIG96,06/30/2015
700,16,7045488833,TACM870706MVZNRA14,01/20/2011
701,16,7047570720,STHR841219FTLAAA64,09/25/2019
702,4,7049046740,FESJ871216MBCRHE05,10/04/2015
703,5,7055160779,HUPF751231FCMNAE48,06/08/2012
704,19,7062264048,PAME910207FSLWCN51,12/19/2014
705,19,7073911861,HERS800926FCHBUT83,09/08/2016
706,20,7074123526,DAJR941016MDGLIA11,10/04/2011
707,17,7074765592,KRSH740910NOCYIO87,01/06/2016
708,20,7094247364,KABH790308MBSROA03,11/04/2020
709,4,7100631478,SPBH830615MASEEE39,10/03/2020
710,7,7102819423,DOBL850516BQRNOI91,12/19/2012
711,17,7105123195,FAJJ841022MBSLAU69,06/07/2018
712,1,7107909572,HABA820225FTLRIL45,07/04/2017
713,13,7112416631,GLGL840412FNLAOO81,10/10/2019
714,1,7134293400,HUPF751231FCMNAE48,03/25/2012
715,17,7148014649,KEEC990619MQTHDO55,11/13/2015
716,8,7153666181,FAIG991004MSPRTE27,12/27/2014
717,16,7162775310,CRPA890528MPLAHU58,06/20/2014
718,7,7178565299,BUBM970516FOCMRE84,04/30/2012
719,7,7183603043,PRGL701222FMCIII62,11/01/2013
720,4,7192230668,TRPL890731GDFUEA46,06/02/2018
721,4,7194532051,BALS870921MCSUAC68,04/09/2016
722,8,7201593792,HUVR861220MTCGEO09,06/23/2018
723,13,7206203842,GAVF891225FTSDIR46,02/09/2018
724,20,7207638217,VASM801119AHGNLA39,06/11/2017
725,5,7213851310,FESJ871216MBCRHE05,11/16/2017
726,2,7233929318,COMM900506FTSCOA03,10/14/2019
727,1,7236555344,VAJJ860909FJCSIA20,10/02/2018
728,8,7244490508,HERS800926FCHBUT83,11/25/2018
729,16,7269053794,MUOS760923MNTNPI24,02/25/2016
730,2,7283275785,CHML890621FMSAEU73,12/09/2011
731,5,7285194256,HERS800926FCHBUT83,02/06/2011
732,13,7292029756,EBHL720222MCLBAA97,11/06/2013
733,7,7300368443,DAJR941016MDGLIA11,05/23/2011
734,5,7306609285,FESJ871216MBCRHE05,11/01/2014
735,2,7314807768,FAIG991004MSPRTE27,10/25/2017
736,2,7329965125,MAEP901211MGTCNA73,03/14/2019
737,7,7331466842,CHRH921025MTLEOA42,12/02/2013
738,5,7344312656,CRDW760222FBSIEA91,11/02/2014
739,19,7364238564,BABG810617FHGUIA28,10/08/2013
740,4,7367376813,DRND851022BTCIIA89,09/11/2015
741,11,7373758969,COMM900506FTSCOA03,06/20/2016
742,19,7382004032,BALS870921MCSUAC68,12/04/2015
743,14,7390642262,FESJ871216MBCRHE05,12/15/2018
744,7,7407101183,FAIG991004MSPRTE27,06/12/2018
745,13,7409123160,BETL920711FDGRWA64,06/24/2017
746,7,7409269282,GLGL840412FNLAOO81,07/08/2014
747,11,7411643904,CHRH921025MTLEOA42,07/13/2015
748,1,7425254594,PUOL940815MCHDNA54,09/27/2011
749,10,7439467568,HINA980519MOCNAD56,02/14/2018
750,17,7442098875,MAWA931112FCHRAB49,09/30/2012
751,11,7462489548,VAJJ860909FJCSIA20,03/06/2017
752,8,7478773724,GAVF891225FTSDIR46,02/10/2014
753,10,7520272585,SAMC711103FGTWEH64,02/16/2015
754,19,7524855276,DABR930520MPLRIA38,02/26/2015
755,10,7552074904,MCAO920101FHGCCL03,06/20/2019
756,10,7552957856,HEMD820611MGTAEU67,09/02/2011
757,5,7567798087,HUVR861220MTCGEO09,04/06/2014
758,17,7583482601,DAJR941016MDGLIA11,06/11/2014
759,8,7589001063,MUOS760923MNTNPI24,09/05/2018
760,2,7606435754,CRPA890528MPLAHU58,07/18/2011
761,8,7606835251,CACA880301FCHMRU20,11/02/2011
762,11,7618321202,SPBH830615MASEEE39,01/31/2017
763,14,7622458248,FAJJ841022MBSLAU69,09/29/2013
764,1,7625061679,REMV970310MYNVOA05,06/18/2019
765,14,7629639778,CRDW760222FBSIEA91,09/30/2016
766,8,7630151730,DABR930520MPLRIA38,09/07/2011
767,16,7634613094,GOFM961107FTCTUO54,06/23/2013
768,13,7641227449,DISG740707FSLLWW28,08/04/2012
769,8,7658414996,MCAO920101FHGCCL03,12/30/2014
770,2,7674816916,ARWJ970404MQTROO60,03/22/2016
771,13,7684604940,HERS800926FCHBUT83,08/20/2017
772,17,7696030989,EBHL720222MCLBAA97,06/15/2011
773,17,7709559416,STHR841219FTLAAA64,11/16/2014
774,5,7713616816,DETE720227MMCDRP41,03/12/2017
775,8,7733427113,DUUS830112FTSIRT54,10/20/2014
776,19,7747026957,LEBC850828PSPTLO16,10/27/2015
777,13,7757380928,DOBL850516BQRNOI91,05/23/2012
778,14,7764514753,GAVF891225FTSDIR46,03/17/2013
779,4,7766543172,CACH800731MMSZLE85,04/05/2013
780,11,7773509902,BABG810617FHGUIA28,11/28/2011
781,16,7779671311,KUWS910402NNLBEI94,05/25/2013
782,19,7781065193,DUUS830112FTSIRT54,10/23/2011
783,11,7790401183,DABR930520MPLRIA38,03/25/2012
784,17,7800455045,FAIG991004MSPRTE27,05/01/2016
785,20,7804434342,DETE720227MMCDRP41,12/23/2013
786,19,7806824840,SAMC711103FGTWEH64,02/21/2011
787,7,7813099336,CACH800731MMSZLE85,07/12/2014
788,16,7824276278,BALS870921MCSUAC68,03/25/2011
789,7,7832831786,PACA700821FGTULN20,08/29/2014
790,16,7849623842,MAWA931112FCHRAB49,10/06/2012
791,11,7862602560,GIWG820104FNLLAE76,04/30/2016
792,14,7863093939,GLGL840412FNLAOO81,05/04/2014
793,1,7874290879,ANQS780903FQTDUA20,10/14/2012
794,14,7880356863,BEWB981224FPLLOA85,11/06/2015
795,11,7882521023,CRPA890528MPLAHU58,08/12/2020
796,10,7888477255,BEWB981224FPLLOA85,08/05/2012
797,19,7890776714,COBI760520MASPAN90,06/10/2020
798,11,7892385355,MCCS951214FNLCHH80,02/13/2017
799,20,7896086838,MACK750122MCLCRI37,09/29/2019
800,7,7900930689,DUUS830112FTSIRT54,10/11/2017
801,19,7902276166,PUOL940815MCHDNA54,04/04/2013
802,17,7910039320,ARWJ970404MQTROO60,11/30/2010
803,19,7951706239,VAPC920826MPLRUO86,11/25/2020
804,13,7957583846,KABH790308MBSROA03,11/30/2013
805,14,7964800013,COMM900506FTSCOA03,05/19/2020
806,10,7990150570,CRPA890528MPLAHU58,08/30/2018
807,7,7996477717,CUCL990924MASRHA62,05/02/2018
808,2,7997177856,GADA911027FHGSIG96,03/27/2016
809,20,8016680357,BALS870921MCSUAC68,05/27/2017
810,20,8046796263,VEMC760926FQRNAA13,11/30/2012
811,1,8055420749,COMM900506FTSCOA03,05/09/2012
812,16,8065590304,KILT800801FOCTAI84,08/15/2020
813,14,8091369987,BRBL860509FJCOAY25,01/03/2018
814,20,8093365006,MCAO920101FHGCCL03,02/21/2018
815,16,8101776546,DISG740707FSLLWW28,05/12/2013
816,14,8107088725,ARWJ970404MQTROO60,09/15/2013
817,1,8130641661,SAMC711103FGTWEH64,09/26/2011
818,17,8159478560,ROSE760109MASWUR22,11/30/2018
819,16,8170877736,HINA980519MOCNAD56,06/30/2019
820,17,8181807524,GHCF761019BMCEHI76,09/03/2011
821,1,8186752955,MACK750122MCLCRI37,12/07/2017
822,7,8190841031,DABR930520MPLRIA38,01/01/2011
823,13,8196823663,DAJR941016MDGLIA11,07/21/2011
824,11,8205100068,KLAL900916FDGEIE04,12/23/2010
825,8,8208036572,BEWB981224FPLLOA85,10/02/2015
826,8,8208438055,GLGL840412FNLAOO81,03/27/2014
827,8,8222977711,RYHB770516PCCAEE69,04/13/2015
828,1,8228478545,KLAL900916FDGEIE04,07/06/2015
829,4,8236654733,FAJJ841022MBSLAU69,07/21/2011
830,5,8245973175,HEMD820611MGTAEU67,12/21/2010
831,19,8260687063,SMDH870821NDFAUA60,03/23/2013
832,16,8278643212,CACA880301FCHMRU20,12/16/2010
833,5,8290246430,AYBK761021GPLCRA42,04/13/2013
834,7,8292001851,DISG740707FSLLWW28,09/13/2020
835,4,8318047372,VAPC920826MPLRUO86,12/02/2010
836,11,8345819988,HABA820225FTLRIL45,04/21/2014
837,7,8363645389,CEPY851026FNTSRO85,11/12/2015
838,7,8389772507,BEWB981224FPLLOA85,08/30/2020
839,20,8405090030,COMM900506FTSCOA03,02/23/2012
840,16,8413231686,CRPA890528MPLAHU58,09/14/2017
841,11,8442565312,GOFM961107FTCTUO54,03/27/2012
842,17,8443152484,FAJJ841022MBSLAU69,04/25/2014
843,8,8446432686,GHCF761019BMCEHI76,10/06/2020
844,19,8453514169,CHGR981221MMSERU84,08/14/2012
845,1,8454020777,CHGR981221MMSERU84,07/17/2014
846,5,8456356932,GLGL840412FNLAOO81,03/07/2017
847,14,8461827549,DOEB820928MDFMNE22,04/04/2011
848,17,8470146819,ROSE760109MASWUR22,09/03/2012
849,2,8470375929,DRKR870309MTCOIO34,03/11/2015
850,17,8472172948,HINA980519MOCNAD56,01/27/2013
851,8,8478501989,GIHN980222MCMLAI09,05/07/2015
852,20,8484058547,REMV970310MYNVOA05,03/27/2017
853,13,8485887948,PRGL701222FMCIII62,07/14/2013
854,4,8495566542,REMV970310MYNVOA05,09/07/2019
855,10,8498542570,STWL800319GMCUAO28,05/23/2019
856,11,8499196290,KLAL900916FDGEIE04,04/18/2012
857,7,8529757474,PUOL940815MCHDNA54,12/01/2012
858,17,8560689712,CRPA890528MPLAHU58,01/12/2014
859,20,8578062590,HABA820225FTLRIL45,01/25/2016
860,16,8590065630,DRND851022BTCIIA89,11/03/2012
861,8,8593066344,NOGE840522MTCRRV12,11/27/2013
862,8,8599360885,WHGD870116FVZAUA72,10/16/2014
863,10,8619065784,KLAL900916FDGEIE04,02/01/2019
864,11,8629189083,CACA880301FCHMRU20,04/21/2019
865,5,8636843289,MCAO920101FHGCCL03,10/16/2015
866,11,8645501414,PAME910207FSLWCN51,11/26/2020
867,13,8645638020,COMM900506FTSCOA03,09/12/2011
868,16,8669728408,CACH800731MMSZLE85,01/22/2014
869,4,8674879583,KUWS910402NNLBEI94,04/27/2018
870,14,8678124816,GAVF891225FTSDIR46,10/05/2015
871,4,8683635891,HUVR861220MTCGEO09,12/26/2015
872,20,8712991913,CEPY851026FNTSRO85,12/22/2012
873,2,8725008287,SHSS960626FGRECI13,08/31/2011
874,7,8734398267,MACK750122MCLCRI37,05/30/2012
875,2,8746141435,VAPC920826MPLRUO86,09/20/2012
876,17,8749496567,DETE720227MMCDRP41,03/11/2016
877,19,8758653438,BETL920711FDGRWA64,01/31/2011
878,10,8773946297,MASA790911FCLXEU22,09/30/2016
879,2,8786757064,SAMC711103FGTWEH64,09/17/2016
880,2,8790542105,COBI760520MASPAN90,02/13/2014
881,5,8806568984,COBI760520MASPAN90,07/19/2019
882,4,8819601365,SHCJ990110FCHAAU13,01/31/2011
883,4,8831276645,LOSK880201ATLUAA99,03/25/2017
884,4,8843323301,LIMD721115MJCMIO09,11/16/2013
885,4,8852245238,PUOL940815MCHDNA54,08/30/2012
886,5,8861080126,VASM801119AHGNLA39,03/16/2019
887,16,8884224581,MAWA931112FCHRAB49,11/10/2013
888,17,8904224055,GAVF891225FTSDIR46,08/08/2017
889,13,8911860911,OSKC980330BYNOUO94,07/15/2012
890,8,8914661500,WHGD870116FVZAUA72,09/28/2014
891,19,8918825329,AYBK761021GPLCRA42,01/29/2018
892,1,8951172827,THFT841224MQROII59,07/16/2013
893,7,8965818408,ANQS780903FQTDUA20,03/30/2013
894,16,8968211571,DUUS830112FTSIRT54,09/22/2013
895,14,8969914571,DAJR941016MDGLIA11,09/08/2011
896,4,8983180811,BETL920711FDGRWA64,07/11/2016
897,14,8991880204,BUBM970516FOCMRE84,11/08/2013
898,5,8993003805,MACK750122MCLCRI37,03/16/2015
899,8,8997462768,GHCF761019BMCEHI76,02/22/2017
900,19,9007504490,CEPY851026FNTSRO85,01/16/2015
901,5,9035092784,PIGO910404FMNDED41,12/18/2017
902,20,9072674468,REMV970310MYNVOA05,07/19/2016
903,11,9074084910,KEEC990619MQTHDO55,12/16/2014
904,7,9083753580,GELG970223FGTIEL29,07/18/2019
905,14,9087213840,KRSH740910NOCYIO87,10/07/2014
906,4,9098946515,VASM801119AHGNLA39,09/25/2014
907,5,9101436558,FAJJ841022MBSLAU69,08/20/2012
908,16,9109663614,DOEB820928MDFMNE22,09/18/2011
909,7,9111773124,DISG740707FSLLWW28,08/13/2011
910,8,9125521403,KILT800801FOCTAI84,09/13/2020
911,14,9132520502,DRKR870309MTCOIO34,03/18/2011
912,16,9138505018,HERS800926FCHBUT83,06/11/2014
913,17,9147525411,RYHB770516PCCAEE69,07/24/2019
914,20,9158383000,ANQS780903FQTDUA20,12/28/2013
915,20,9160142220,CHGR981221MMSERU84,02/15/2019
916,8,9169049643,KUWS910402NNLBEI94,11/16/2017
917,4,9189952458,EBHL720222MCLBAA97,09/28/2012
918,17,9192583380,GELG970223FGTIEL29,10/23/2014
919,17,9205250769,MASA790911FCLXEU22,11/19/2013
920,2,9211515408,GADA911027FHGSIG96,12/17/2015
921,5,9215337443,DETE720227MMCDRP41,10/21/2020
922,11,9221041448,NEAG970216FMSWBR17,03/21/2015
923,16,9234382253,DUUS830112FTSIRT54,06/24/2011
924,10,9235113976,MCCS951214FNLCHH80,05/23/2019
925,16,9245766201,KNBK960914FASOOA45,12/13/2017
926,5,9256273763,COMM900506FTSCOA03,06/05/2016
927,20,9261732619,NOGE840522MTCRRV12,12/03/2016
928,2,9285025109,HEMD820611MGTAEU67,06/01/2020
929,14,9290904331,VEEH800225MCSRRU48,05/10/2017
930,14,9322000433,HUVR861220MTCGEO09,09/29/2015
931,14,9332588254,CRPA890528MPLAHU58,07/15/2018
932,5,9344824613,FESJ871216MBCRHE05,07/22/2017
933,16,9349431903,THFT841224MQROII59,02/20/2019
934,10,9350196257,MASA790911FCLXEU22,06/23/2017
935,14,9370432495,HUPF751231FCMNAE48,09/23/2019
936,2,9396357302,MACK750122MCLCRI37,09/30/2018
937,1,9403227519,GAVF891225FTSDIR46,06/03/2011
938,16,9418781147,PUOL940815MCHDNA54,03/21/2013
939,16,9423696579,KEEC990619MQTHDO55,02/08/2017
940,20,9426705202,AYBK761021GPLCRA42,06/06/2020
941,11,9427636948,CHML890621FMSAEU73,11/13/2019
942,14,9433262370,VEMC760926FQRNAA13,01/25/2017
943,10,9433950146,AYBK761021GPLCRA42,10/27/2011
944,20,9434621136,ROSE760109MASWUR22,04/11/2018
945,11,9438171698,CRFB880126FPLUEA78,03/24/2016
946,14,9454957928,KRSH740910NOCYIO87,08/10/2016
947,14,9461176037,OSKC980330BYNOUO94,02/11/2019
948,5,9467946988,KRSH740910NOCYIO87,09/13/2019
949,1,9469183295,FESJ871216MBCRHE05,11/26/2018
950,11,9480579214,COMM900506FTSCOA03,07/18/2012
951,7,9519960627,HABA820225FTLRIL45,12/15/2015
952,17,9531141359,KNBK960914FASOOA45,08/13/2013
953,20,9536346162,PACA700821FGTULN20,08/02/2012
954,14,9553597448,ALMA830409MSRMAL39,05/27/2019
955,5,9558271495,BUBM970516FOCMRE84,02/14/2017
956,19,9571552018,CRPA890528MPLAHU58,09/18/2015
957,14,9571937157,VASM801119AHGNLA39,11/01/2017
958,11,9585211271,MUOS760923MNTNPI24,09/21/2017
959,17,9592633603,EBHL720222MCLBAA97,09/26/2019
960,13,9607608701,MCAO920101FHGCCL03,02/11/2015
961,19,9611743922,GOFM961107FTCTUO54,08/17/2019
962,13,9621463000,INTL800217FSLKIE81,12/26/2016
963,4,9644971143,SPBH830615MASEEE39,03/12/2015
964,2,9647586426,LOSK880201ATLUAA99,08/12/2015
965,5,9656238275,CHGR981221MMSERU84,01/06/2020
966,5,9660512226,SAMC711103FGTWEH64,05/31/2015
967,13,9676165727,NOGE840522MTCRRV12,06/16/2019
968,2,9677258099,MUOS760923MNTNPI24,01/21/2019
969,8,9684624243,HABA820225FTLRIL45,05/31/2016
970,7,9693604262,SHSS960626FGRECI13,04/27/2012
971,17,9698861285,KLAL900916FDGEIE04,03/05/2017
972,10,9704724445,DRND851022BTCIIA89,07/29/2012
973,2,9706112457,SAMC711103FGTWEH64,08/15/2020
974,19,9720110022,VAPC920826MPLRUO86,03/07/2018
975,5,9726215386,STHR841219FTLAAA64,06/15/2015
976,5,9734861810,FAJJ841022MBSLAU69,09/03/2020
977,11,9741864486,CEPY851026FNTSRO85,06/30/2020
978,5,9743456586,PAAC920419FGTTVO87,10/20/2011
979,20,9754165406,AYBK761021GPLCRA42,01/18/2016
980,20,9769000993,MACK750122MCLCRI37,09/03/2011
981,17,9773524930,EBHL720222MCLBAA97,10/05/2020
982,13,9781005878,VEMC760926FQRNAA13,04/23/2019
983,14,9794543382,BUBM970516FOCMRE84,03/17/2014
984,2,9797406978,DACK761125FBSRUI38,04/12/2015
985,13,9811359640,DAJR941016MDGLIA11,11/05/2011
986,7,9812497476,PASR941118MDFCTO81,03/27/2013
987,19,9813757312,WHGD870116FVZAUA72,12/30/2012
988,2,9836041058,BEWB981224FPLLOA85,01/12/2015
989,7,9836498402,RYHB770516PCCAEE69,01/01/2012
990,5,9870152514,GAVF891225FTSDIR46,05/24/2019
991,4,9870527627,PAME910207FSLWCN51,04/18/2014
992,7,9887096526,BABG810617FHGUIA28,06/28/2019
993,5,9887280153,HUPF751231FCMNAE48,03/08/2013
994,8,9889174519,SHSS960626FGRECI13,12/07/2011
995,20,9889521694,KILT800801FOCTAI84,08/12/2012
996,5,9895915431,TACM870706MVZNRA14,09/12/2015
997,8,9908505351,REMV970310MYNVOA05,08/29/2011
998,20,9967052122,CRDW760222FBSIEA91,12/24/2011
999,11,9973017532,COBI760520MASPAN90,09/11/2011
1000,4,9987728112,ROSE760109MASWUR22,09/04/2013
