ID_TICKET,ID_CAJA,CURP,ID_SUCURSAL,FECHA,HORA,CLIENTE,NO_PRODUCTOS,TIPO_PAGO,TOTAL_COMPRA
110,33,KABH790308MBSROA03,7,1/14/2015,01:26,Cliente0065,17,tarjeta,389
166,71,PAME910207FSLWCN51,7,6/17/2012,08:40,Cliente0066,18,efectivo,264
297,4,DISG740707FSLLWW28,8,05/04/2012,11:04,Cliente0067,2,tarjeta,100
810,74,KUWS910402NNLBEI94,1,6/19/2016,17:24,Cliente0068,6,efectivo,335
576,76,KRSH740910NOCYIO87,10,12/07/2013,03:27,Cliente0069,8,tarjeta,200
935,92,CACH800731MMSZLE85,11,5/18/2016,23:21,Cliente0070,7,efectivo,147
441,30,PACA700821FGTULN20,1,04/04/2014,04:26,Cliente0071,12,tarjeta,292
972,65,HUVR861220MTCGEO09,13,11/14/2015,19:32,Cliente0072,5,efectivo,94
370,57,FAJJ841022MBSLAU69,14,6/27/2012,20:28,Cliente0073,7,tarjeta,336
893,19,THFT841224MQROII59,8,11/29/2011,02:13,Cliente0074,4,efectivo,32
994,25,AYBK761021GPLCRA42,16,7/16/2011,03:29,Cliente0075,9,tarjeta,13.5
234,39,ALMA830409MSRMAL39,17,4/24/2012,01:01,Cliente0076,10,efectivo,261
730,31,KLAL900916FDGEIE04,10,01/06/2014,00:22,Cliente0077,18,tarjeta,236
823,41,CHRH921025MTLEOA42,19,3/25/2011,12:00,Cliente0078,12,efectivo,345
550,67,MASA790911FCLXEU22,20,05/12/2016,19:43,Cliente0079,1,tarjeta,8
236,16,PACA700821FGTULN20,1,5/31/2016,15:35,Cliente0080,3,efectivo,63
246,33,KEEC990619MQTHDO55,2,02/03/2017,03:45,Cliente0081,16,tarjeta,156
663,98,VEMC760926FQRNAA13,14,9/15/2018,19:16,Cliente0082,9,efectivo,114
493,90,CRPA890528MPLAHU58,4,5/25/2020,17:19,Cliente0083,6,tarjeta,150
599,53,VASM801119AHGNLA39,5,1/31/2015,11:12,Cliente0084,11,efectivo,145
764,91,HERS800926FCHBUT83,8,1/17/2014,22:15,Cliente0085,22,tarjeta,578
518,27,PAME910207FSLWCN51,7,3/26/2011,10:32,Cliente0086,11,efectivo,850
424,57,HERS800926FCHBUT83,8,09/06/2018,08:49,Cliente0087,8,tarjeta,317.5
712,29,VEEH800225MCSRRU48,5,12/06/2012,07:27,Cliente0088,12,efectivo,246
904,15,KRSH740910NOCYIO87,10,07/04/2017,10:03,Cliente0089,15,tarjeta,719
614,79,BRBL860509FJCOAY25,11,07/05/2015,21:25,Cliente0090,10,efectivo,170
336,50,VASM801119AHGNLA39,5,10/25/2016,08:30,Cliente0091,8,tarjeta,160
922,87,SHCJ990110FCHAAU13,13,05/07/2012,15:17,Cliente0092,3,efectivo,105
225,22,HUPF751231FCMNAE48,14,10/22/2013,06:42,Cliente0093,5,tarjeta,75
556,37,KEEC990619MQTHDO55,2,1/13/2019,20:24,Cliente0094,9,efectivo,145
395,29,AYBK761021GPLCRA42,16,10/28/2015,20:09,Cliente0095,4,tarjeta,60
272,37,ALMA830409MSRMAL39,17,4/16/2015,22:16,Cliente0096,8,efectivo,64
442,72,DUUS830112FTSIRT54,1,9/13/2013,18:01,Cliente0097,8,tarjeta,154
892,88,CHRH921025MTLEOA42,19,9/26/2012,09:51,Cliente0098,4,efectivo,60
347,92,GIWG820104FNLLAE76,20,11/29/2019,17:19,Cliente0099,11,tarjeta,189
906,8,DACK761125FBSRUI38,1,8/24/2019,06:38,Cliente0100,7,efectivo,245
145,14,KEEC990619MQTHDO55,2,04/04/2019,20:37,Cliente0101,7,tarjeta,175
557,3,GIWG820104FNLLAE76,20,7/17/2015,00:57,Cliente0102,25,efectivo,862
817,90,LIMD721115MJCMIO09,4,10/08/2014,00:52,Cliente0103,5,tarjeta,346
746,42,VASM801119AHGNLA39,5,6/28/2019,02:39,Cliente0104,8,efectivo,135
962,53,DABR930520MPLRIA38,13,3/22/2014,08:39,Cliente0105,9,tarjeta,135
327,20,PAME910207FSLWCN51,7,5/20/2017,05:58,Cliente0106,5,efectivo,75
173,63,CEPY851026FNTSRO85,8,02/06/2014,00:04,Cliente0107,25,tarjeta,956
172,50,BABG810617FHGUIA28,10,12/25/2011,18:58,Cliente0108,13,efectivo,420
116,94,BABG810617FHGUIA28,10,2/23/2012,18:26,Cliente0109,9,tarjeta,108
767,20,CACH800731MMSZLE85,11,8/22/2016,22:48,Cliente0110,11,efectivo,275
714,28,VEEH800225MCSRRU48,5,8/16/2016,16:16,Cliente0111,10,tarjeta,186
695,27,HINA980519MOCNAD56,13,3/29/2019,06:37,Cliente0112,9,efectivo,225
384,82,HUPF751231FCMNAE48,14,6/21/2020,09:51,Cliente0113,9,tarjeta,54
591,55,GELG970223FGTIEL29,17,12/13/2017,02:25,Cliente0114,12,efectivo,219
757,41,DRND851022BTCIIA89,16,6/28/2019,19:05,Cliente0115,8,tarjeta,80
162,64,LEBC850828PSPTLO16,17,06/11/2016,23:02,Cliente0116,8,efectivo,109
738,32,SHCJ990110FCHAAU13,13,04/08/2018,10:27,Cliente0117,10,tarjeta,192
978,79,CHRH921025MTLEOA42,19,12/19/2019,11:22,Cliente0118,10,efectivo,210
604,62,STHR841219FTLAAA64,20,9/20/2017,10:32,Cliente0119,11,tarjeta,125
268,25,PACA700821FGTULN20,1,6/15/2017,18:57,Cliente0120,12,efectivo,590
648,4,VAJJ860909FJCSIA20,2,8/28/2018,02:43,Cliente0121,10,tarjeta,119
198,31,MCCS951214FNLCHH80,13,6/18/2012,12:01,Cliente0122,12,efectivo,489
958,50,LIMD721115MJCMIO09,4,12/26/2011,09:43,Cliente0123,15,tarjeta,345
832,76,VASM801119AHGNLA39,5,05/01/2012,04:05,Cliente0124,5,efectivo,175
184,12,NEAG970216FMSWBR17,19,11/02/2020,05:14,Cliente0125,9,tarjeta,106
756,10,PAME910207FSLWCN51,7,08/05/2020,09:44,Cliente0126,1,efectivo,25
140,25,CACA880301FCHMRU20,8,07/01/2020,15:04,Cliente0127,15,tarjeta,313
492,97,KEEC990619MQTHDO55,2,02/11/2017,04:17,Cliente0128,3,efectivo,18
200,79,BABG810617FHGUIA28,10,7/19/2015,14:59,Cliente0129,2,tarjeta,50
252,8,LOSK880201ATLUAA99,11,2/27/2016,02:50,Cliente0130,4,efectivo,48
342,63,VASM801119AHGNLA39,5,01/02/2012,11:40,Cliente0131,13,tarjeta,96
659,84,DABR930520MPLRIA38,13,11/03/2012,16:24,Cliente0132,8,efectivo,165
762,4,HABA820225FTLRIL45,14,10/02/2014,18:50,Cliente0133,1,tarjeta,21
244,81,VEEH800225MCSRRU48,5,12/05/2014,17:43,Cliente0134,4,efectivo,360
238,70,AYBK761021GPLCRA42,16,8/17/2014,12:40,Cliente0135,13,tarjeta,177
311,66,SAMC711103FGTWEH64,17,8/31/2014,21:41,Cliente0136,6,efectivo,168
393,37,LEBC850828PSPTLO16,17,09/09/2014,00:25,Cliente0137,21,tarjeta,1040
115,77,CHRH921025MTLEOA42,19,12/30/2016,11:24,Cliente0138,13,efectivo,1100
517,95,VAPC920826MPLRUO86,20,11/02/2016,04:24,Cliente0139,18,tarjeta,278
802,21,DACK761125FBSRUI38,1,5/23/2020,21:35,Cliente0140,14,efectivo,114
241,59,VAJJ860909FJCSIA20,2,9/16/2016,09:19,Cliente0141,17,tarjeta,501
533,46,BABG810617FHGUIA28,10,04/04/2016,00:23,Cliente0142,3,efectivo,45
428,33,MCAO920101FHGCCL03,4,07/10/2014,01:36,Cliente0143,11,tarjeta,344
478,36,VEEH800225MCSRRU48,5,10/27/2019,18:04,Cliente0144,7,efectivo,147
281,70,VEEH800225MCSRRU48,5,12/03/2010,09:44,Cliente0145,2,tarjeta,16
827,19,KABH790308MBSROA03,7,12/28/2010,13:15,Cliente0146,4,efectivo,72
945,15,HERS800926FCHBUT83,8,07/01/2015,02:55,Cliente0147,5,tarjeta,60
766,97,CRDW760222FBSIEA91,14,2/15/2011,00:11,Cliente0148,18,efectivo,328
940,60,KRSH740910NOCYIO87,10,5/25/2011,21:51,Cliente0149,1,tarjeta,50
703,85,KNBK960914FASOOA45,11,1/20/2011,13:08,Cliente0150,13,efectivo,435
76,47,CRPA890528MPLAHU58,4,10/16/2018,00:50,Cliente0151,5,tarjeta,125
733,46,SHCJ990110FCHAAU13,13,3/27/2013,12:24,Cliente0152,18,efectivo,275
563,7,SPBH830615MASEEE39,14,08/09/2012,05:18,Cliente0153,14,tarjeta,380
713,74,CEPY851026FNTSRO85,8,11/08/2012,23:29,Cliente0154,5,efectivo,141
253,96,AYBK761021GPLCRA42,16,01/09/2017,12:08,Cliente0155,1,tarjeta,2
444,70,SAMC711103FGTWEH64,17,8/30/2018,12:31,Cliente0156,5,efectivo,230
887,32,COGD820217MOCTRO55,7,4/26/2016,04:03,Cliente0157,7,tarjeta,56
179,5,SMDH870821NDFAUA60,19,10/06/2017,18:03,Cliente0158,22,efectivo,899
555,32,MASA790911FCLXEU22,20,8/16/2011,04:21,Cliente0159,2,tarjeta,180
930,45,DACK761125FBSRUI38,1,01/08/2011,05:19,Cliente0160,14,efectivo,490
274,83,KEEC990619MQTHDO55,2,11/22/2018,16:26,Cliente0161,17,tarjeta,390
645,1,DRND851022BTCIIA89,16,11/07/2020,12:45,Cliente0162,12,efectivo,485
840,99,LIMD721115MJCMIO09,4,08/11/2013,02:06,Cliente0163,24,tarjeta,222
414,94,VASM801119AHGNLA39,5,4/13/2020,16:37,Cliente0164,10,efectivo,181.5
624,92,COGD820217MOCTRO55,7,09/04/2013,07:16,Cliente0165,28,tarjeta,635
256,64,COGD820217MOCTRO55,7,4/16/2019,02:22,Cliente0166,8,efectivo,13.5
87,54,MAWA931112FCHRAB49,8,5/28/2016,15:03,Cliente0167,5,tarjeta,355
403,31,CRFB880126FPLUEA78,1,04/08/2019,15:59,Cliente0168,17,efectivo,240
429,56,BABG810617FHGUIA28,10,02/02/2020,13:50,Cliente0169,32,tarjeta,613
396,75,BRBL860509FJCOAY25,11,12/30/2012,21:01,Cliente0170,13,efectivo,530
416,24,NEAG970216FMSWBR17,19,12/31/2015,11:41,Cliente0171,7,tarjeta,385
783,80,DABR930520MPLRIA38,13,9/22/2015,01:28,Cliente0172,9,efectivo,108
232,21,MUOS760923MNTNPI24,14,1/31/2016,06:17,Cliente0173,1,tarjeta,21
193,90,NEAG970216FMSWBR17,19,09/02/2017,15:48,Cliente0174,14,efectivo,595
574,12,AYBK761021GPLCRA42,16,05/10/2012,20:23,Cliente0175,11,tarjeta,168
133,65,SAMC711103FGTWEH64,17,7/23/2011,12:24,Cliente0176,17,efectivo,167
132,59,COBI760520MASPAN90,7,11/11/2020,00:03,Cliente0177,19,tarjeta,186
316,36,NEAG970216FMSWBR17,19,03/07/2014,16:51,Cliente0178,1,efectivo,15
902,41,STHR841219FTLAAA64,20,9/19/2020,14:50,Cliente0179,13,tarjeta,245
605,7,DUUS830112FTSIRT54,1,01/09/2017,11:14,Cliente0180,21,efectivo,925
361,71,KEEC990619MQTHDO55,2,05/01/2011,20:14,Cliente0181,10,tarjeta,820
210,24,COBI760520MASPAN90,7,12/21/2012,04:03,Cliente0182,16,efectivo,424
422,6,CRPA890528MPLAHU58,4,1/18/2014,00:17,Cliente0183,13,tarjeta,345
657,82,VEEH800225MCSRRU48,5,11/12/2020,07:37,Cliente0184,7,efectivo,135
820,75,KRSH740910NOCYIO87,10,8/28/2017,10:33,Cliente0185,11,tarjeta,165
579,53,COGD820217MOCTRO55,7,11/21/2020,15:17,Cliente0186,1,efectivo,15
453,25,CACA880301FCHMRU20,8,5/17/2011,19:03,Cliente0187,10,tarjeta,124
522,26,HUVR861220MTCGEO09,13,6/23/2013,10:04,Cliente0188,7,efectivo,111
266,96,BABG810617FHGUIA28,10,11/03/2019,09:10,Cliente0189,6,tarjeta,75
544,98,CACH800731MMSZLE85,11,11/01/2020,15:56,Cliente0190,17,efectivo,410
629,72,SPBH830615MASEEE39,14,7/15/2014,22:14,Cliente0191,11,tarjeta,315
758,29,HUVR861220MTCGEO09,13,02/09/2012,12:18,Cliente0192,29,efectivo,1285
69,22,FAJJ841022MBSLAU69,14,3/14/2011,19:46,Cliente0193,7,tarjeta,35
77,28,DACK761125FBSRUI38,1,6/19/2017,14:26,Cliente0194,6,efectivo,48
734,68,DRND851022BTCIIA89,16,2/28/2015,05:45,Cliente0195,8,tarjeta,100
368,62,BUBM970516FOCMRE84,17,4/15/2012,15:57,Cliente0196,12,efectivo,210
479,86,STHR841219FTLAAA64,20,07/01/2013,16:07,Cliente0197,7,tarjeta,210
105,42,SMDH870821NDFAUA60,19,11/16/2016,16:38,Cliente0198,17,efectivo,453
830,37,STHR841219FTLAAA64,20,8/21/2016,09:25,Cliente0199,8,tarjeta,198
811,93,COHJ760326MDFSUU07,1,06/08/2013,03:29,Cliente0200,9,efectivo,189
300,62,KEEC990619MQTHDO55,2,02/09/2019,12:34,Cliente0201,17,tarjeta,1045
898,52,KUWS910402NNLBEI94,1,7/26/2017,15:29,Cliente0202,4,efectivo,72
131,8,MCAO920101FHGCCL03,4,05/11/2015,12:28,Cliente0203,3,tarjeta,75
641,85,VASM801119AHGNLA39,5,05/04/2018,13:49,Cliente0204,9,efectivo,252
176,31,SPBH830615MASEEE39,14,12/10/2012,01:15,Cliente0205,14,tarjeta,441
566,25,PAME910207FSLWCN51,7,01/12/2011,05:10,Cliente0206,5,efectivo,110
690,38,MAEP901211MGTCNA73,8,1/15/2019,13:30,Cliente0207,8,tarjeta,158
539,11,HINA980519MOCNAD56,13,08/01/2016,07:23,Cliente0208,5,efectivo,90
103,65,KLAL900916FDGEIE04,10,5/18/2012,02:27,Cliente0209,13,tarjeta,355
700,33,LOSK880201ATLUAA99,11,01/12/2018,07:08,Cliente0210,14,efectivo,158
79,68,LEBC850828PSPTLO16,17,7/31/2017,00:43,Cliente0211,14,tarjeta,283
65,40,HUVR861220MTCGEO09,13,3/28/2018,09:09,Cliente0212,4,efectivo,120
502,93,FAIG991004MSPRTE27,14,8/18/2017,01:02,Cliente0213,3,tarjeta,54
417,77,KABH790308MBSROA03,7,02/08/2020,11:06,Cliente0214,6,efectivo,15
174,54,AYBK761021GPLCRA42,16,11/25/2014,22:30,Cliente0215,9,tarjeta,135
828,41,ARWJ970404MQTROO60,17,02/03/2015,00:26,Cliente0216,5,efectivo,105
326,7,AYBK761021GPLCRA42,16,07/09/2013,19:59,Cliente0217,10,tarjeta,430
285,68,SMDH870821NDFAUA60,19,06/10/2018,00:44,Cliente0218,7,efectivo,195
667,41,STHR841219FTLAAA64,20,04/12/2011,21:40,Cliente0219,13,tarjeta,265
405,31,KUWS910402NNLBEI94,1,3/17/2014,17:52,Cliente0220,13,efectivo,314
531,22,KEEC990619MQTHDO55,2,4/13/2020,02:42,Cliente0221,18,tarjeta,246
798,95,VEEH800225MCSRRU48,5,11/16/2012,13:59,Cliente0222,14,efectivo,320
415,70,LIMD721115MJCMIO09,4,2/15/2017,15:41,Cliente0223,21,tarjeta,1045
461,36,VEEH800225MCSRRU48,5,12/29/2018,06:41,Cliente0224,10,efectivo,72
660,52,DACK761125FBSRUI38,1,2/17/2015,01:36,Cliente0225,9,tarjeta,135
773,7,PAME910207FSLWCN51,7,4/26/2016,20:32,Cliente0226,5,efectivo,90
692,14,CACA880301FCHMRU20,8,07/11/2016,22:21,Cliente0227,5,tarjeta,275
463,71,HUVR861220MTCGEO09,13,10/28/2017,14:36,Cliente0228,13,efectivo,195
927,82,KLAL900916FDGEIE04,10,08/11/2016,17:46,Cliente0229,9,tarjeta,578
385,6,CHML890621FMSAEU73,11,05/01/2011,20:58,Cliente0230,3,efectivo,45
380,92,OSKC980330BYNOUO94,13,04/09/2020,07:05,Cliente0231,8,tarjeta,174
465,59,OSKC980330BYNOUO94,13,09/05/2014,21:14,Cliente0232,21,efectivo,251
963,64,HABA820225FTLRIL45,14,07/03/2016,06:01,Cliente0233,3,tarjeta,33
797,99,MABP780714MMNFRA82,11,8/19/2011,05:34,Cliente0234,10,efectivo,168
809,53,AYBK761021GPLCRA42,16,12/10/2017,23:40,Cliente0235,15,tarjeta,315
924,5,ARWJ970404MQTROO60,17,7/15/2017,22:07,Cliente0236,2,efectivo,24
911,44,VAPC920826MPLRUO86,20,08/09/2017,07:43,Cliente0237,10,tarjeta,159
675,2,SMDH870821NDFAUA60,19,6/15/2013,08:42,Cliente0238,13,efectivo,181
540,37,VAPC920826MPLRUO86,20,10/08/2020,19:01,Cliente0239,18,tarjeta,368
524,53,GOFM961107FTCTUO54,1,3/19/2020,15:19,Cliente0240,12,efectivo,230
100,52,VAJJ860909FJCSIA20,2,10/17/2020,18:49,Cliente0241,16,tarjeta,531
278,53,CRDW760222FBSIEA91,14,08/07/2014,05:16,Cliente0242,8,efectivo,240
213,4,LIMD721115MJCMIO09,4,10/24/2014,09:09,Cliente0243,5,tarjeta,93
508,51,VASM801119AHGNLA39,5,6/14/2011,17:27,Cliente0244,23,efectivo,570
315,24,CHML890621FMSAEU73,11,08/08/2014,13:34,Cliente0245,6,tarjeta,90
925,59,COBI760520MASPAN90,7,10/13/2018,13:45,Cliente0246,12,efectivo,375
967,92,DISG740707FSLLWW28,8,5/31/2015,13:44,Cliente0247,1,tarjeta,12
585,1,KNBK960914FASOOA45,11,4/29/2014,17:32,Cliente0248,7,efectivo,175
400,49,KRSH740910NOCYIO87,10,04/11/2014,17:50,Cliente0249,4,tarjeta,60
267,41,CHML890621FMSAEU73,11,10/06/2012,06:02,Cliente0250,15,efectivo,177
954,31,DRND851022BTCIIA89,16,03/07/2016,23:03,Cliente0251,9,tarjeta,78
119,52,SHCJ990110FCHAAU13,13,07/11/2015,06:48,Cliente0252,16,efectivo,264
677,83,FAIG991004MSPRTE27,14,12/08/2010,11:20,Cliente0253,4,tarjeta,84
500,65,COGD820217MOCTRO55,7,6/18/2013,14:59,Cliente0254,11,efectivo,106.5
235,63,DRND851022BTCIIA89,16,5/31/2012,01:44,Cliente0255,19,tarjeta,376
567,20,HEMD820611MGTAEU67,17,8/24/2015,07:45,Cliente0256,7,efectivo,145
863,21,DABR930520MPLRIA38,13,10/07/2019,13:50,Cliente0257,10,tarjeta,132
282,44,CHRH921025MTLEOA42,19,11/18/2014,00:17,Cliente0258,7,efectivo,125
504,25,GIWG820104FNLLAE76,20,11/06/2016,23:05,Cliente0259,9,tarjeta,123
638,24,COHJ760326MDFSUU07,1,02/09/2013,16:47,Cliente0260,4,efectivo,120
737,24,VAJJ860909FJCSIA20,2,10/22/2012,17:39,Cliente0261,18,tarjeta,360
705,79,DACK761125FBSRUI38,1,8/18/2020,01:22,Cliente0262,6,efectivo,150
649,96,MCAO920101FHGCCL03,4,05/07/2019,14:48,Cliente0263,5,tarjeta,75
269,79,VASM801119AHGNLA39,5,12/01/2012,14:37,Cliente0264,13,efectivo,438
445,87,LEBC850828PSPTLO16,17,10/12/2017,09:09,Cliente0265,4,tarjeta,100
698,16,KABH790308MBSROA03,7,1/15/2020,09:33,Cliente0266,14,efectivo,250
814,13,HERS800926FCHBUT83,8,7/23/2018,09:11,Cliente0267,7,tarjeta,123
819,47,COHJ760326MDFSUU07,1,12/11/2017,10:33,Cliente0268,2,efectivo,16
239,60,KLAL900916FDGEIE04,10,1/14/2012,02:48,Cliente0269,15,tarjeta,230
592,14,MABP780714MMNFRA82,11,03/03/2011,19:50,Cliente0270,12,efectivo,92.5
125,86,CRPA890528MPLAHU58,4,12/12/2019,13:02,Cliente0271,5,tarjeta,500
402,92,HINA980519MOCNAD56,13,11/13/2013,14:45,Cliente0272,4,efectivo,112
704,38,FAJJ841022MBSLAU69,14,12/27/2019,18:00,Cliente0273,16,tarjeta,192
351,53,STWL800319GMCUAO28,20,9/29/2016,10:05,Cliente0274,9,efectivo,180
793,56,DRND851022BTCIIA89,16,8/27/2012,06:41,Cliente0275,2,tarjeta,20
254,21,HEMD820611MGTAEU67,17,3/20/2012,01:43,Cliente0276,15,efectivo,249
420,82,MAEP901211MGTCNA73,8,11/27/2017,20:14,Cliente0277,3,tarjeta,54
248,12,CHRH921025MTLEOA42,19,6/18/2013,09:13,Cliente0278,5,efectivo,75
434,96,GIWG820104FNLLAE76,20,08/09/2017,15:20,Cliente0279,5,tarjeta,175
104,56,CRFB880126FPLUEA78,1,6/21/2014,10:28,Cliente0280,8,efectivo,12
879,87,KEEC990619MQTHDO55,2,10/25/2019,08:11,Cliente0281,8,tarjeta,720
324,16,VEEH800225MCSRRU48,5,02/12/2012,15:11,Cliente0282,9,efectivo,530
975,28,LIMD721115MJCMIO09,4,12/14/2013,01:52,Cliente0283,7,tarjeta,245
354,56,VASM801119AHGNLA39,5,5/27/2019,21:52,Cliente0284,12,efectivo,258
334,26,PIGO910404FMNDED41,17,5/23/2016,21:42,Cliente0285,8,tarjeta,12
359,62,COGD820217MOCTRO55,7,6/21/2016,11:46,Cliente0286,3,efectivo,24
389,91,CACA880301FCHMRU20,8,7/31/2015,09:54,Cliente0287,1,tarjeta,75
255,62,DOBL850516BQRNOI91,8,10/02/2013,03:12,Cliente0288,8,efectivo,198
909,54,KLAL900916FDGEIE04,10,4/27/2014,22:59,Cliente0289,12,tarjeta,410
825,72,CHML890621FMSAEU73,11,7/27/2013,23:04,Cliente0290,1,efectivo,30
355,73,DACK761125FBSRUI38,1,1/22/2014,02:23,Cliente0291,4,tarjeta,72
407,36,REMV970310MYNVOA05,13,1/22/2020,15:51,Cliente0292,12,efectivo,159
992,46,FAJJ841022MBSLAU69,14,7/16/2012,11:18,Cliente0293,7,tarjeta,10.5
111,97,AYBK761021GPLCRA42,16,7/15/2020,19:14,Cliente0294,1,efectivo,55
912,66,AYBK761021GPLCRA42,16,5/30/2020,19:25,Cliente0295,9,tarjeta,156
93,6,PIGO910404FMNDED41,17,3/18/2018,01:46,Cliente0296,17,efectivo,485
637,52,VEEH800225MCSRRU48,5,05/05/2014,15:34,Cliente0297,6,tarjeta,168
183,47,SMDH870821NDFAUA60,19,7/19/2020,01:23,Cliente0298,29,efectivo,1375
947,5,STHR841219FTLAAA64,20,3/20/2017,03:21,Cliente0299,5,tarjeta,60
212,76,COHJ760326MDFSUU07,1,3/28/2019,23:00,Cliente0300,16,efectivo,129
432,12,KEEC990619MQTHDO55,2,09/05/2017,12:16,Cliente0301,14,tarjeta,326
196,25,LOSK880201ATLUAA99,11,8/19/2011,23:15,Cliente0302,12,efectivo,765
865,67,LIMD721115MJCMIO09,4,5/30/2017,13:23,Cliente0303,4,tarjeta,60
507,63,VEEH800225MCSRRU48,5,12/06/2010,16:44,Cliente0304,14,efectivo,108
123,28,BABG810617FHGUIA28,10,1/25/2019,20:56,Cliente0305,8,tarjeta,96
529,33,COGD820217MOCTRO55,7,6/19/2012,09:42,Cliente0306,9,efectivo,108
494,95,THFT841224MQROII59,8,03/06/2016,18:08,Cliente0307,8,tarjeta,120
220,30,PAME910207FSLWCN51,7,1/17/2014,06:27,Cliente0308,14,efectivo,356.5
748,50,BABG810617FHGUIA28,10,11/19/2016,10:52,Cliente0309,8,tarjeta,196
774,18,MABP780714MMNFRA82,11,9/13/2011,03:56,Cliente0310,5,efectivo,52
864,13,FAIG991004MSPRTE27,14,5/17/2015,01:43,Cliente0311,10,tarjeta,714
785,30,MCCS951214FNLCHH80,13,12/09/2014,08:08,Cliente0312,9,efectivo,108
674,31,CRDW760222FBSIEA91,14,09/06/2014,21:24,Cliente0313,4,tarjeta,100
710,49,BABG810617FHGUIA28,10,10/01/2011,03:49,Cliente0314,2,efectivo,86
722,70,DRND851022BTCIIA89,16,03/10/2016,18:04,Cliente0315,11,tarjeta,111
245,12,ALMA830409MSRMAL39,17,7/24/2013,07:15,Cliente0316,11,efectivo,144
578,99,BUBM970516FOCMRE84,17,3/28/2015,18:48,Cliente0317,17,tarjeta,425
317,34,SMDH870821NDFAUA60,19,4/18/2012,20:40,Cliente0318,2,efectivo,180
181,20,SHSS960626FGRECI13,20,9/28/2017,08:56,Cliente0319,14,tarjeta,211
862,78,DACK761125FBSRUI38,1,06/07/2013,15:00,Cliente0320,9,efectivo,180
107,25,KEEC990619MQTHDO55,2,6/16/2012,08:59,Cliente0321,2,tarjeta,30
419,79,PACA700821FGTULN20,1,10/30/2019,20:43,Cliente0322,7,efectivo,420
547,62,LIMD721115MJCMIO09,4,7/21/2020,20:58,Cliente0323,12,tarjeta,146
312,65,VASM801119AHGNLA39,5,2/15/2016,14:50,Cliente0324,1,efectivo,25
792,34,VAPC920826MPLRUO86,20,12/19/2017,11:15,Cliente0325,6,tarjeta,24
219,74,COGD820217MOCTRO55,7,3/16/2011,02:03,Cliente0326,1,efectivo,25
836,84,DOBL850516BQRNOI91,8,09/03/2018,06:26,Cliente0327,3,tarjeta,36
352,35,VEMC760926FQRNAA13,14,1/23/2011,09:12,Cliente0328,11,efectivo,118
679,6,KRSH740910NOCYIO87,10,7/14/2020,09:15,Cliente0329,7,tarjeta,156
753,99,KNBK960914FASOOA45,11,8/31/2012,14:29,Cliente0330,17,efectivo,710
331,73,PAME910207FSLWCN51,7,12/21/2011,03:11,Cliente0331,12,tarjeta,680
768,9,SHCJ990110FCHAAU13,13,11/22/2017,22:44,Cliente0332,15,efectivo,555
652,80,FAIG991004MSPRTE27,14,09/06/2016,12:01,Cliente0333,10,tarjeta,192
816,83,COGD820217MOCTRO55,7,01/12/2014,15:04,Cliente0334,2,efectivo,16
527,20,AYBK761021GPLCRA42,16,02/03/2017,10:41,Cliente0335,2,tarjeta,24
644,72,SAMC711103FGTWEH64,17,12/02/2013,12:04,Cliente0336,9,efectivo,270
951,4,SHSS960626FGRECI13,20,09/06/2012,12:48,Cliente0337,8,tarjeta,400
71,72,SMDH870821NDFAUA60,19,7/17/2018,12:38,Cliente0338,2,efectivo,60
997,74,STWL800319GMCUAO28,20,03/06/2011,03:38,Cliente0339,9,tarjeta,132
458,38,PACA700821FGTULN20,1,8/23/2020,15:02,Cliente0340,3,efectivo,45
723,93,VAJJ860909FJCSIA20,2,07/01/2012,03:50,Cliente0341,5,tarjeta,65
584,65,REMV970310MYNVOA05,13,7/31/2017,15:03,Cliente0342,1,efectivo,5
341,65,LIMD721115MJCMIO09,4,5/16/2017,23:07,Cliente0343,7,tarjeta,70
750,89,VEEH800225MCSRRU48,5,9/14/2018,09:51,Cliente0344,22,efectivo,661
888,29,BALS870921MCSUAC68,20,5/19/2017,18:41,Cliente0345,8,tarjeta,120
914,36,KABH790308MBSROA03,7,6/18/2017,04:50,Cliente0346,1,efectivo,25
160,57,CEPY851026FNTSRO85,8,03/02/2016,04:51,Cliente0347,5,tarjeta,139
303,93,MUOS760923MNTNPI24,14,2/14/2012,15:43,Cliente0348,10,efectivo,340
501,16,KLAL900916FDGEIE04,10,3/21/2016,13:36,Cliente0349,4,tarjeta,105
404,85,MABP780714MMNFRA82,11,2/18/2017,21:35,Cliente0350,8,efectivo,159
206,42,NEAG970216FMSWBR17,19,10/09/2016,13:41,Cliente0351,4,tarjeta,60
233,29,SHCJ990110FCHAAU13,13,3/20/2011,03:58,Cliente0352,5,efectivo,60
451,24,HABA820225FTLRIL45,14,08/09/2016,18:38,Cliente0353,5,tarjeta,75
264,98,PACA700821FGTULN20,1,10/20/2012,09:58,Cliente0354,7,efectivo,299
583,42,AYBK761021GPLCRA42,16,2/26/2013,15:35,Cliente0355,3,tarjeta,90
665,16,HEMD820611MGTAEU67,17,3/19/2020,13:54,Cliente0356,18,efectivo,285
554,76,BALS870921MCSUAC68,20,04/02/2013,20:08,Cliente0357,5,tarjeta,225
134,50,NEAG970216FMSWBR17,19,10/22/2018,15:36,Cliente0358,3,efectivo,74
728,26,BALS870921MCSUAC68,20,09/09/2020,17:14,Cliente0359,3,tarjeta,67
565,32,COHJ760326MDFSUU07,1,03/12/2019,04:38,Cliente0360,14,efectivo,194
318,29,VAJJ860909FJCSIA20,2,11/06/2016,16:19,Cliente0361,9,tarjeta,284
996,13,COGD820217MOCTRO55,7,03/03/2013,17:49,Cliente0362,9,efectivo,50
987,76,LIMD721115MJCMIO09,4,2/16/2020,04:06,Cliente0363,12,tarjeta,885
91,56,VASM801119AHGNLA39,5,8/23/2015,01:43,Cliente0364,15,efectivo,405
688,41,CHRH921025MTLEOA42,19,7/29/2014,01:41,Cliente0365,17,tarjeta,127
122,85,COBI760520MASPAN90,7,03/04/2016,07:52,Cliente0366,11,efectivo,930
650,26,BETL920711FDGRWA64,8,11/11/2017,18:14,Cliente0367,16,tarjeta,160
237,70,MAEP901211MGTCNA73,8,01/11/2015,14:12,Cliente0368,1,efectivo,4
113,51,KLAL900916FDGEIE04,10,07/05/2012,08:35,Cliente0369,4,tarjeta,48
838,23,BRBL860509FJCOAY25,11,08/06/2016,02:47,Cliente0370,14,efectivo,460
953,43,REMV970310MYNVOA05,13,2/25/2017,15:30,Cliente0371,8,tarjeta,128
928,69,REMV970310MYNVOA05,13,03/11/2011,09:54,Cliente0372,13,efectivo,340
869,3,VEMC760926FQRNAA13,14,9/20/2017,14:49,Cliente0373,10,tarjeta,126
276,19,BUBM970516FOCMRE84,17,5/17/2018,08:13,Cliente0374,13,efectivo,87
982,45,DRND851022BTCIIA89,16,1/17/2015,03:04,Cliente0375,7,tarjeta,21
427,79,SAMC711103FGTWEH64,17,12/21/2011,06:32,Cliente0376,15,efectivo,585
900,15,HERS800926FCHBUT83,8,3/19/2016,02:14,Cliente0377,5,tarjeta,101
447,15,NEAG970216FMSWBR17,19,1/16/2020,01:09,Cliente0378,17,efectivo,210
790,74,SHSS960626FGRECI13,20,08/07/2020,01:15,Cliente0379,4,tarjeta,40
882,3,DACK761125FBSRUI38,1,4/24/2019,12:00,Cliente0380,4,efectivo,100
330,60,VAJJ860909FJCSIA20,2,3/19/2015,06:49,Cliente0381,13,tarjeta,810
72,82,VAJJ860909FJCSIA20,2,2/24/2012,15:08,Cliente0382,4,efectivo,112
106,55,LIMD721115MJCMIO09,4,6/23/2012,04:37,Cliente0383,12,tarjeta,138
745,50,VEEH800225MCSRRU48,5,03/02/2011,16:50,Cliente0384,5,efectivo,50
299,22,VASM801119AHGNLA39,5,9/15/2012,15:22,Cliente0385,4,tarjeta,72
640,4,KABH790308MBSROA03,7,9/15/2012,22:04,Cliente0386,25,efectivo,634
747,89,DOBL850516BQRNOI91,8,12/17/2013,05:55,Cliente0387,8,tarjeta,286
715,77,ALMA830409MSRMAL39,17,08/05/2019,23:46,Cliente0388,10,efectivo,603
542,69,BABG810617FHGUIA28,10,03/01/2012,01:49,Cliente0389,1,tarjeta,60
552,90,LOSK880201ATLUAA99,11,7/21/2014,23:20,Cliente0390,16,efectivo,664
842,7,STHR841219FTLAAA64,20,11/01/2011,04:38,Cliente0391,19,tarjeta,428
625,14,SHCJ990110FCHAAU13,13,9/24/2012,12:30,Cliente0392,7,efectivo,84
549,94,HABA820225FTLRIL45,14,08/11/2020,22:54,Cliente0393,8,tarjeta,120
406,53,MCAO920101FHGCCL03,4,6/18/2018,03:53,Cliente0394,8,efectivo,195
805,11,AYBK761021GPLCRA42,16,04/11/2013,09:41,Cliente0395,4,tarjeta,59
290,61,BUBM970516FOCMRE84,17,11/05/2020,17:19,Cliente0396,15,efectivo,720
946,19,ALMA830409MSRMAL39,17,03/02/2012,06:37,Cliente0397,10,tarjeta,150
654,19,CHRH921025MTLEOA42,19,12/17/2014,12:30,Cliente0398,8,efectivo,176
859,45,STWL800319GMCUAO28,20,04/09/2013,21:48,Cliente0399,2,tarjeta,40
653,55,GOFM961107FTCTUO54,1,12/26/2015,12:37,Cliente0400,2,efectivo,24
647,11,KEEC990619MQTHDO55,2,10/11/2020,04:09,Cliente0401,6,tarjeta,24
890,6,SAMC711103FGTWEH64,17,07/03/2017,13:26,Cliente0402,14,efectivo,330
548,77,MCAO920101FHGCCL03,4,06/10/2014,03:19,Cliente0403,14,tarjeta,189
340,30,VEEH800225MCSRRU48,5,04/05/2016,18:31,Cliente0404,2,efectivo,50
124,30,ALMA830409MSRMAL39,17,06/09/2015,19:07,Cliente0405,1,tarjeta,2.5
651,46,KABH790308MBSROA03,7,8/25/2015,04:52,Cliente0406,2,efectivo,90
666,90,BETL920711FDGRWA64,8,12/16/2012,01:47,Cliente0407,7,tarjeta,525
291,41,KEEC990619MQTHDO55,2,03/11/2015,14:16,Cliente0408,6,efectivo,600
260,20,KRSH740910NOCYIO87,10,10/09/2017,15:07,Cliente0409,8,tarjeta,129
319,52,BRBL860509FJCOAY25,11,09/11/2014,21:04,Cliente0410,5,efectivo,60
383,68,LIMD721115MJCMIO09,4,12/27/2018,18:29,Cliente0411,8,tarjeta,108
335,1,REMV970310MYNVOA05,13,09/06/2013,00:02,Cliente0412,13,efectivo,140
634,18,HABA820225FTLRIL45,14,12/13/2010,12:41,Cliente0413,8,tarjeta,120
776,90,CACH800731MMSZLE85,11,10/01/2020,18:03,Cliente0414,9,efectivo,270
908,70,DRND851022BTCIIA89,16,08/02/2012,07:47,Cliente0415,4,tarjeta,72
673,42,GELG970223FGTIEL29,17,6/24/2017,10:54,Cliente0416,19,efectivo,526
298,91,SHCJ990110FCHAAU13,13,11/25/2020,04:35,Cliente0417,2,tarjeta,110
611,95,CHRH921025MTLEOA42,19,7/14/2014,04:55,Cliente0418,9,efectivo,315
356,55,SHSS960626FGRECI13,20,10/14/2015,07:52,Cliente0419,6,tarjeta,458
570,31,DUUS830112FTSIRT54,1,09/07/2020,22:32,Cliente0420,7,efectivo,274
185,92,VAJJ860909FJCSIA20,2,12/24/2014,13:14,Cliente0421,16,tarjeta,360
899,1,COGD820217MOCTRO55,7,6/29/2020,00:17,Cliente0422,6,efectivo,30
214,31,MCAO920101FHGCCL03,4,02/05/2014,03:15,Cliente0423,6,tarjeta,210
136,24,VASM801119AHGNLA39,5,3/24/2015,11:28,Cliente0424,11,efectivo,290
986,58,VAJJ860909FJCSIA20,2,1/30/2016,16:00,Cliente0425,7,tarjeta,175
74,84,PAME910207FSLWCN51,7,4/21/2011,09:32,Cliente0426,6,efectivo,90
154,38,MAEP901211MGTCNA73,8,5/19/2020,20:12,Cliente0427,8,tarjeta,155
92,37,PAME910207FSLWCN51,7,9/14/2018,15:51,Cliente0428,11,efectivo,520
661,36,KRSH740910NOCYIO87,10,04/12/2020,13:52,Cliente0429,3,tarjeta,129
845,22,BRBL860509FJCOAY25,11,12/22/2015,19:13,Cliente0430,1,efectivo,25
867,45,VASM801119AHGNLA39,5,3/30/2012,11:38,Cliente0431,1,tarjeta,15
686,21,DABR930520MPLRIA38,13,04/05/2013,21:28,Cliente0432,4,efectivo,140
257,32,MUOS760923MNTNPI24,14,12/11/2014,05:36,Cliente0433,11,tarjeta,295
187,45,CACH800731MMSZLE85,11,12/24/2010,06:11,Cliente0434,5,efectivo,60
794,79,DRND851022BTCIIA89,16,5/23/2020,21:23,Cliente0435,5,tarjeta,34
678,74,PIGO910404FMNDED41,17,9/23/2012,16:00,Cliente0436,2,efectivo,45
484,41,VASM801119AHGNLA39,5,06/05/2014,02:21,Cliente0437,14,tarjeta,341
606,63,SMDH870821NDFAUA60,19,1/13/2018,17:08,Cliente0438,1,efectivo,18
310,3,BALS870921MCSUAC68,20,03/01/2018,12:50,Cliente0439,8,tarjeta,120
934,2,CRFB880126FPLUEA78,1,08/03/2017,09:05,Cliente0440,15,efectivo,458
854,50,VAJJ860909FJCSIA20,2,6/20/2011,05:38,Cliente0441,1,tarjeta,30
468,78,SHSS960626FGRECI13,20,06/05/2011,00:32,Cliente0442,6,efectivo,120
856,72,LIMD721115MJCMIO09,4,7/29/2015,14:53,Cliente0443,12,tarjeta,351
369,85,VEEH800225MCSRRU48,5,11/09/2014,03:26,Cliente0444,14,efectivo,447
589,47,BRBL860509FJCOAY25,11,8/29/2012,14:11,Cliente0445,17,tarjeta,580
456,70,COGD820217MOCTRO55,7,10/27/2016,01:10,Cliente0446,7,efectivo,105
375,99,MAEP901211MGTCNA73,8,7/14/2011,17:41,Cliente0447,5,tarjeta,180
426,80,COBI760520MASPAN90,7,03/04/2016,10:25,Cliente0448,12,efectivo,168
376,57,KRSH740910NOCYIO87,10,7/28/2014,16:36,Cliente0449,8,tarjeta,64
208,95,BRBL860509FJCOAY25,11,8/24/2016,07:44,Cliente0450,1,efectivo,12
112,20,FAJJ841022MBSLAU69,14,11/19/2013,16:23,Cliente0451,2,tarjeta,30
270,66,HINA980519MOCNAD56,13,12/23/2017,18:59,Cliente0452,11,efectivo,150
697,16,HABA820225FTLRIL45,14,12/13/2013,06:55,Cliente0453,5,tarjeta,75
959,69,VEEH800225MCSRRU48,5,7/18/2016,07:18,Cliente0454,8,efectivo,240
534,54,AYBK761021GPLCRA42,16,2/29/2016,18:58,Cliente0455,2,tarjeta,12
525,79,ARWJ970404MQTROO60,17,02/10/2015,02:36,Cliente0456,9,efectivo,72
971,79,VEEH800225MCSRRU48,5,9/14/2012,17:14,Cliente0457,11,tarjeta,165
564,57,CHRH921025MTLEOA42,19,11/03/2014,17:07,Cliente0458,8,efectivo,131
169,39,SHSS960626FGRECI13,20,9/26/2015,18:48,Cliente0459,17,tarjeta,1605
259,8,KUWS910402NNLBEI94,1,11/27/2017,14:06,Cliente0460,1,efectivo,15
561,53,KEEC990619MQTHDO55,2,12/22/2012,11:49,Cliente0461,5,tarjeta,50
639,79,KEEC990619MQTHDO55,2,3/14/2011,22:41,Cliente0462,2,efectivo,30
189,85,LIMD721115MJCMIO09,4,12/26/2013,19:40,Cliente0463,1,tarjeta,15
144,11,VASM801119AHGNLA39,5,9/22/2014,01:11,Cliente0464,18,efectivo,1055
139,46,DRND851022BTCIIA89,16,6/22/2011,18:34,Cliente0465,2,tarjeta,68
366,56,COGD820217MOCTRO55,7,04/12/2014,08:22,Cliente0466,7,efectivo,105
305,16,MAEP901211MGTCNA73,8,01/09/2019,04:14,Cliente0467,14,tarjeta,1025
452,69,DABR930520MPLRIA38,13,7/20/2014,09:28,Cliente0468,10,efectivo,290
265,88,KRSH740910NOCYIO87,10,6/17/2019,04:58,Cliente0469,9,tarjeta,108
765,32,CHML890621FMSAEU73,11,12/29/2014,21:27,Cliente0470,8,efectivo,280
70,50,MASA790911FCLXEU22,20,11/06/2020,09:49,Cliente0471,9,tarjeta,180
497,5,SHCJ990110FCHAAU13,13,5/17/2011,12:56,Cliente0472,1,efectivo,8
682,63,VEMC760926FQRNAA13,14,01/04/2019,06:12,Cliente0473,5,tarjeta,40
192,70,FAIG991004MSPRTE27,14,12/19/2019,17:59,Cliente0474,10,efectivo,120
824,59,DRND851022BTCIIA89,16,3/27/2012,17:46,Cliente0475,7,tarjeta,228
164,34,ARWJ970404MQTROO60,17,04/11/2017,14:39,Cliente0476,1,efectivo,5
217,53,STWL800319GMCUAO28,20,05/12/2019,13:04,Cliente0477,8,tarjeta,240
322,88,SMDH870821NDFAUA60,19,11/13/2012,00:09,Cliente0478,8,efectivo,125
413,68,STWL800319GMCUAO28,20,12/11/2018,11:28,Cliente0479,14,tarjeta,310
847,97,PACA700821FGTULN20,1,7/29/2020,08:55,Cliente0480,2,efectivo,36
146,29,VAJJ860909FJCSIA20,2,06/01/2018,15:55,Cliente0481,8,tarjeta,96
486,4,STHR841219FTLAAA64,20,9/25/2014,21:31,Cliente0482,9,efectivo,210
942,10,LIMD721115MJCMIO09,4,11/15/2012,21:14,Cliente0483,5,tarjeta,75
155,10,VASM801119AHGNLA39,5,12/26/2012,01:45,Cliente0484,2,efectivo,42
668,42,STWL800319GMCUAO28,20,01/03/2011,06:20,Cliente0485,8,tarjeta,64
371,74,COGD820217MOCTRO55,7,05/02/2012,12:15,Cliente0486,13,efectivo,255
602,19,DISG740707FSLLWW28,8,05/09/2011,01:57,Cliente0487,14,tarjeta,210
754,54,HABA820225FTLRIL45,14,2/22/2019,21:34,Cliente0488,1,efectivo,12
363,20,KRSH740910NOCYIO87,10,10/19/2014,00:08,Cliente0489,4,tarjeta,80
410,72,KNBK960914FASOOA45,11,05/12/2018,08:37,Cliente0490,2,efectivo,24
984,46,VEEH800225MCSRRU48,5,10/10/2015,00:53,Cliente0491,9,tarjeta,27
90,10,MCCS951214FNLCHH80,13,05/03/2016,01:41,Cliente0492,1,efectivo,35
683,84,SPBH830615MASEEE39,14,08/06/2020,16:50,Cliente0493,4,tarjeta,60
163,90,MCAO920101FHGCCL03,4,2/20/2014,23:12,Cliente0494,27,efectivo,1801
741,42,AYBK761021GPLCRA42,16,01/12/2011,07:12,Cliente0495,2,tarjeta,50
593,67,HEMD820611MGTAEU67,17,8/31/2012,21:06,Cliente0496,2,efectivo,86
171,12,AYBK761021GPLCRA42,16,04/07/2012,15:55,Cliente0497,13,tarjeta,220
365,68,NEAG970216FMSWBR17,19,09/07/2018,05:10,Cliente0498,7,efectivo,105
320,93,BALS870921MCSUAC68,20,04/09/2020,09:02,Cliente0499,3,tarjeta,36
716,71,KUWS910402NNLBEI94,1,08/12/2020,12:41,Cliente0500,5,efectivo,25
989,14,KEEC990619MQTHDO55,2,09/08/2016,16:01,Cliente0501,3,tarjeta,9
191,34,CACH800731MMSZLE85,11,11/29/2012,13:12,Cliente0502,1,efectivo,12
806,11,LIMD721115MJCMIO09,4,10/05/2011,21:29,Cliente0503,14,tarjeta,168
727,37,VASM801119AHGNLA39,5,9/28/2013,20:04,Cliente0504,11,efectivo,834
861,79,GIWG820104FNLLAE76,20,07/05/2013,01:06,Cliente0505,7,tarjeta,105
476,96,PAME910207FSLWCN51,7,5/30/2011,18:30,Cliente0506,5,efectivo,15
462,34,CEPY851026FNTSRO85,8,01/02/2017,16:45,Cliente0507,7,tarjeta,105
223,95,COGD820217MOCTRO55,7,04/05/2019,12:13,Cliente0508,9,efectivo,232
273,67,KRSH740910NOCYIO87,10,02/07/2018,16:38,Cliente0509,18,tarjeta,268
761,67,CHML890621FMSAEU73,11,11/05/2013,03:43,Cliente0510,8,efectivo,243
386,56,VAPC920826MPLRUO86,20,03/09/2016,15:34,Cliente0511,20,tarjeta,272
696,19,HINA980519MOCNAD56,13,3/16/2012,19:16,Cliente0512,6,efectivo,270
708,53,SPBH830615MASEEE39,14,2/22/2011,17:31,Cliente0513,5,tarjeta,500
913,24,CACA880301FCHMRU20,8,12/09/2015,21:19,Cliente0514,4,efectivo,22
572,71,DRND851022BTCIIA89,16,8/27/2011,21:05,Cliente0515,2,tarjeta,30
742,33,LEBC850828PSPTLO16,17,05/06/2019,00:31,Cliente0516,5,efectivo,145
397,3,BRBL860509FJCOAY25,11,07/05/2013,22:53,Cliente0517,6,tarjeta,180
619,54,NEAG970216FMSWBR17,19,3/13/2018,05:39,Cliente0518,7,efectivo,56
577,24,SHSS960626FGRECI13,20,08/10/2013,23:06,Cliente0519,5,tarjeta,140
917,65,GOFM961107FTCTUO54,1,7/14/2018,04:24,Cliente0520,12,efectivo,1170
156,65,KEEC990619MQTHDO55,2,2/15/2016,23:01,Cliente0521,2,tarjeta,24
243,60,REMV970310MYNVOA05,13,12/21/2017,04:45,Cliente0522,4,efectivo,40
771,50,CRPA890528MPLAHU58,4,04/05/2019,13:56,Cliente0523,4,tarjeta,100
73,99,VASM801119AHGNLA39,5,08/02/2019,23:51,Cliente0524,3,efectivo,105
961,58,AYBK761021GPLCRA42,16,4/18/2013,17:31,Cliente0525,9,tarjeta,225
157,68,PAME910207FSLWCN51,7,06/10/2013,22:48,Cliente0526,2,efectivo,110
779,41,HERS800926FCHBUT83,8,8/16/2020,00:55,Cliente0527,4,tarjeta,100
229,78,PAME910207FSLWCN51,7,11/20/2016,18:33,Cliente0528,7,efectivo,140
75,87,KRSH740910NOCYIO87,10,3/31/2019,12:40,Cliente0529,2,tarjeta,180
289,21,MABP780714MMNFRA82,11,12/25/2016,18:35,Cliente0530,7,efectivo,210
286,40,AYBK761021GPLCRA42,16,7/18/2014,23:25,Cliente0531,9,tarjeta,270
800,23,MCCS951214FNLCHH80,13,11/06/2013,23:04,Cliente0532,1,efectivo,90
778,37,HABA820225FTLRIL45,14,12/10/2019,18:24,Cliente0533,4,tarjeta,60
610,58,DACK761125FBSRUI38,1,9/16/2011,04:25,Cliente0534,8,efectivo,200
450,9,DRND851022BTCIIA89,16,3/20/2013,09:41,Cliente0535,4,tarjeta,60
137,52,SAMC711103FGTWEH64,17,10/25/2014,17:54,Cliente0536,3,efectivo,90
464,71,PACA700821FGTULN20,1,12/25/2017,15:52,Cliente0537,3,tarjeta,129
152,57,CHRH921025MTLEOA42,19,7/30/2015,03:56,Cliente0538,5,efectivo,75
390,90,STWL800319GMCUAO28,20,3/16/2018,04:39,Cliente0539,21,tarjeta,516
491,13,GOFM961107FTCTUO54,1,11/25/2015,04:42,Cliente0540,1,efectivo,4
138,81,KEEC990619MQTHDO55,2,8/27/2015,01:51,Cliente0541,5,tarjeta,375
891,88,COHJ760326MDFSUU07,1,3/14/2015,15:14,Cliente0542,12,efectivo,236
907,71,MCAO920101FHGCCL03,4,8/13/2018,07:50,Cliente0543,5,tarjeta,15
108,74,VEEH800225MCSRRU48,5,11/16/2016,04:21,Cliente0544,6,efectivo,210
829,62,MCAO920101FHGCCL03,4,11/13/2014,18:18,Cliente0545,1,tarjeta,8
880,72,PAME910207FSLWCN51,7,8/24/2020,11:57,Cliente0546,2,efectivo,60
367,72,THFT841224MQROII59,8,1/15/2011,08:22,Cliente0547,5,tarjeta,40
541,73,BABG810617FHGUIA28,10,10/05/2015,16:49,Cliente0548,6,efectivo,60
180,12,KLAL900916FDGEIE04,10,8/29/2020,22:30,Cliente0549,4,tarjeta,240
860,72,MABP780714MMNFRA82,11,12/31/2011,01:09,Cliente0550,9,efectivo,370
834,7,NEAG970216FMSWBR17,19,6/29/2016,01:39,Cliente0551,5,tarjeta,105
457,89,MCCS951214FNLCHH80,13,2/14/2020,16:46,Cliente0552,9,efectivo,225
770,38,MUOS760923MNTNPI24,14,7/25/2017,20:18,Cliente0553,9,tarjeta,1593
306,71,MAEP901211MGTCNA73,8,8/19/2011,05:03,Cliente0554,5,efectivo,109
120,87,DRND851022BTCIIA89,16,06/12/2013,12:05,Cliente0555,6,tarjeta,150
618,8,SAMC711103FGTWEH64,17,5/25/2015,14:39,Cliente0556,5,efectivo,50
516,35,MCAO920101FHGCCL03,4,05/07/2017,19:42,Cliente0557,3,tarjeta,45
573,33,NEAG970216FMSWBR17,19,08/01/2015,15:10,Cliente0558,2,efectivo,30
228,64,GIWG820104FNLLAE76,20,3/27/2011,17:45,Cliente0559,5,tarjeta,75
364,42,KUWS910402NNLBEI94,1,11/23/2011,19:03,Cliente0560,1,efectivo,35
968,22,KEEC990619MQTHDO55,2,01/03/2017,18:30,Cliente0561,9,tarjeta,124
227,36,DOBL850516BQRNOI91,8,11/19/2012,02:15,Cliente0562,2,efectivo,200
313,86,MCAO920101FHGCCL03,4,02/05/2017,21:59,Cliente0563,12,tarjeta,388
449,52,VASM801119AHGNLA39,5,11/22/2012,15:56,Cliente0564,7,efectivo,245
314,60,COBI760520MASPAN90,7,9/27/2019,07:25,Cliente0565,3,tarjeta,36
881,34,COBI760520MASPAN90,7,07/03/2019,07:10,Cliente0566,4,efectivo,112
345,48,HERS800926FCHBUT83,8,3/24/2018,01:42,Cliente0567,7,tarjeta,126
411,16,VEMC760926FQRNAA13,14,12/13/2011,11:45,Cliente0568,17,efectivo,615
813,10,KLAL900916FDGEIE04,10,12/28/2015,06:32,Cliente0569,7,tarjeta,70
377,28,BRBL860509FJCOAY25,11,1/28/2012,16:29,Cliente0570,3,efectivo,36
873,94,NEAG970216FMSWBR17,19,6/16/2018,08:50,Cliente0571,4,tarjeta,100
884,61,REMV970310MYNVOA05,13,06/11/2017,16:19,Cliente0572,8,efectivo,176
627,44,VEMC760926FQRNAA13,14,10/20/2014,04:05,Cliente0573,12,tarjeta,555
182,12,BABG810617FHGUIA28,10,1/27/2014,15:00,Cliente0574,4,efectivo,12
642,64,AYBK761021GPLCRA42,16,3/15/2015,01:01,Cliente0575,3,tarjeta,54
858,18,LEBC850828PSPTLO16,17,10/29/2014,11:41,Cliente0576,8,efectivo,168
127,36,CHRH921025MTLEOA42,19,04/06/2012,11:25,Cliente0577,4,tarjeta,60
204,1,NEAG970216FMSWBR17,19,1/17/2015,02:33,Cliente0578,3,efectivo,15
130,73,MASA790911FCLXEU22,20,11/29/2017,19:45,Cliente0579,4,tarjeta,100
399,59,CRFB880126FPLUEA78,1,2/16/2015,21:50,Cliente0580,7,efectivo,385
437,25,KEEC990619MQTHDO55,2,8/22/2014,00:02,Cliente0581,2,tarjeta,40
398,10,MUOS760923MNTNPI24,14,6/30/2020,07:37,Cliente0582,5,efectivo,75
664,79,CRPA890528MPLAHU58,4,01/05/2011,19:24,Cliente0583,11,tarjeta,287
307,69,VASM801119AHGNLA39,5,11/07/2011,16:07,Cliente0584,1,efectivo,25
175,82,PAME910207FSLWCN51,7,08/07/2014,22:58,Cliente0585,6,tarjeta,270
528,19,PAME910207FSLWCN51,7,02/12/2018,22:12,Cliente0586,1,efectivo,5
769,21,CACA880301FCHMRU20,8,1/22/2014,15:37,Cliente0587,9,tarjeta,315
826,37,REMV970310MYNVOA05,13,4/14/2011,07:13,Cliente0588,5,efectivo,60
658,80,KRSH740910NOCYIO87,10,7/21/2019,00:30,Cliente0589,8,tarjeta,120
662,24,BRBL860509FJCOAY25,11,03/06/2020,10:19,Cliente0590,8,efectivo,718
729,59,HINA980519MOCNAD56,13,08/07/2015,04:08,Cliente0591,1,tarjeta,35
99,16,MCCS951214FNLCHH80,13,10/03/2013,14:56,Cliente0592,9,efectivo,130
343,63,HABA820225FTLRIL45,14,10/09/2014,14:20,Cliente0593,4,tarjeta,84
288,54,HEMD820611MGTAEU67,17,06/04/2020,14:46,Cliente0594,3,efectivo,24
977,28,AYBK761021GPLCRA42,16,4/15/2016,11:31,Cliente0595,5,tarjeta,175
580,67,PIGO910404FMNDED41,17,05/07/2018,19:15,Cliente0596,8,efectivo,120
896,52,DRND851022BTCIIA89,16,7/16/2012,14:52,Cliente0597,5,tarjeta,90
188,97,NEAG970216FMSWBR17,19,5/31/2016,10:44,Cliente0598,4,efectivo,100
436,74,BALS870921MCSUAC68,20,06/02/2019,06:58,Cliente0599,8,tarjeta,440
186,82,DACK761125FBSRUI38,1,7/15/2012,12:11,Cliente0600,4,efectivo,40
240,70,VAJJ860909FJCSIA20,2,3/27/2014,15:14,Cliente0601,1,tarjeta,20
520,97,MCAO920101FHGCCL03,4,1/19/2018,00:45,Cliente0602,4,efectivo,60
631,96,LIMD721115MJCMIO09,4,08/11/2019,06:44,Cliente0603,1,tarjeta,45
929,38,VEEH800225MCSRRU48,5,7/30/2013,02:10,Cliente0604,4,efectivo,220
568,72,MCAO920101FHGCCL03,4,04/06/2016,19:45,Cliente0605,6,tarjeta,108
815,37,KABH790308MBSROA03,7,09/03/2012,12:32,Cliente0606,2,efectivo,50
170,90,THFT841224MQROII59,8,10/11/2015,11:07,Cliente0607,9,tarjeta,729
607,72,BRBL860509FJCOAY25,11,9/24/2016,17:25,Cliente0608,10,efectivo,230
503,4,KRSH740910NOCYIO87,10,10/03/2012,15:35,Cliente0609,4,tarjeta,80
435,8,CHML890621FMSAEU73,11,2/27/2019,10:58,Cliente0610,6,efectivo,90
96,3,REMV970310MYNVOA05,13,02/05/2018,09:01,Cliente0611,9,tarjeta,135
251,53,OSKC980330BYNOUO94,13,11/07/2020,00:52,Cliente0612,3,efectivo,24
353,53,CRDW760222FBSIEA91,14,12/08/2010,16:29,Cliente0613,6,tarjeta,108
328,13,SMDH870821NDFAUA60,19,11/27/2018,15:46,Cliente0614,8,efectivo,200
275,94,AYBK761021GPLCRA42,16,05/10/2012,16:11,Cliente0615,7,tarjeta,154
118,48,ARWJ970404MQTROO60,17,2/18/2013,08:52,Cliente0616,5,efectivo,75
920,32,COHJ760326MDFSUU07,1,10/17/2014,23:32,Cliente0617,11,tarjeta,148
581,84,SMDH870821NDFAUA60,19,7/22/2014,11:28,Cliente0618,9,efectivo,495
490,53,BALS870921MCSUAC68,20,09/11/2012,05:44,Cliente0619,1,tarjeta,8
84,57,COHJ760326MDFSUU07,1,3/27/2016,01:15,Cliente0620,5,efectivo,110
372,81,KEEC990619MQTHDO55,2,10/10/2014,14:56,Cliente0621,9,tarjeta,108
875,14,VEEH800225MCSRRU48,5,6/13/2017,08:40,Cliente0622,4,efectivo,180
294,39,MCAO920101FHGCCL03,4,1/22/2014,04:34,Cliente0623,4,tarjeta,140
560,90,VEEH800225MCSRRU48,5,8/30/2016,08:36,Cliente0624,3,efectivo,180
128,77,DABR930520MPLRIA38,13,12/18/2015,03:02,Cliente0625,6,tarjeta,90
988,13,KABH790308MBSROA03,7,8/30/2012,05:06,Cliente0626,2,efectivo,24
510,67,DOBL850516BQRNOI91,8,03/03/2018,22:53,Cliente0627,6,tarjeta,210
878,45,FAJJ841022MBSLAU69,14,1/13/2018,16:48,Cliente0628,6,efectivo,300
974,23,KLAL900916FDGEIE04,10,09/05/2018,14:15,Cliente0629,4,tarjeta,300
837,20,KNBK960914FASOOA45,11,9/25/2012,02:23,Cliente0630,5,efectivo,75
597,25,BRBL860509FJCOAY25,11,06/05/2011,16:15,Cliente0631,8,tarjeta,440
635,49,SHCJ990110FCHAAU13,13,04/07/2011,09:47,Cliente0632,1,efectivo,8
394,74,HUPF751231FCMNAE48,14,4/20/2015,13:06,Cliente0633,3,tarjeta,9
582,39,DACK761125FBSRUI38,1,09/06/2013,19:06,Cliente0634,5,efectivo,25
190,46,DRND851022BTCIIA89,16,3/29/2013,11:41,Cliente0635,9,tarjeta,315
438,24,ALMA830409MSRMAL39,17,07/01/2015,10:20,Cliente0636,9,efectivo,135
421,39,KLAL900916FDGEIE04,10,5/13/2011,01:17,Cliente0637,7,tarjeta,17.5
258,60,SMDH870821NDFAUA60,19,6/27/2011,18:09,Cliente0638,2,efectivo,42
559,11,BALS870921MCSUAC68,20,6/26/2013,19:09,Cliente0639,5,tarjeta,125
571,29,PACA700821FGTULN20,1,05/10/2016,11:09,Cliente0640,6,efectivo,270
530,91,KEEC990619MQTHDO55,2,1/15/2012,16:20,Cliente0641,1,tarjeta,10
788,86,MASA790911FCLXEU22,20,03/10/2019,23:24,Cliente0642,3,efectivo,135
931,9,LIMD721115MJCMIO09,4,10/10/2014,13:03,Cliente0643,1,tarjeta,10
473,64,VEEH800225MCSRRU48,5,7/15/2017,05:48,Cliente0644,3,efectivo,36
339,4,LIMD721115MJCMIO09,4,11/12/2014,21:47,Cliente0645,6,tarjeta,168
222,6,COGD820217MOCTRO55,7,6/25/2012,03:40,Cliente0646,5,efectivo,60
295,54,BETL920711FDGRWA64,8,10/04/2018,00:55,Cliente0647,3,tarjeta,45
822,51,KRSH740910NOCYIO87,10,02/07/2015,19:50,Cliente0648,4,efectivo,16
782,70,KRSH740910NOCYIO87,10,11/08/2016,11:05,Cliente0649,9,tarjeta,495
526,19,CACH800731MMSZLE85,11,11/08/2020,17:39,Cliente0650,12,efectivo,900
781,13,LOSK880201ATLUAA99,11,11/12/2014,08:54,Cliente0651,2,tarjeta,24
81,9,MCCS951214FNLCHH80,13,05/05/2019,21:28,Cliente0652,9,efectivo,315
562,92,VEMC760926FQRNAA13,14,2/19/2011,17:45,Cliente0653,5,tarjeta,125
249,98,DRND851022BTCIIA89,16,4/19/2014,20:30,Cliente0654,3,efectivo,45
926,14,DRND851022BTCIIA89,16,6/26/2015,15:14,Cliente0655,1,tarjeta,12
721,77,SAMC711103FGTWEH64,17,07/06/2014,11:35,Cliente0656,9,efectivo,180
851,85,AYBK761021GPLCRA42,16,03/05/2016,11:52,Cliente0657,7,tarjeta,420
980,77,CHRH921025MTLEOA42,19,2/28/2019,09:34,Cliente0658,3,efectivo,7.5
215,48,BALS870921MCSUAC68,20,3/30/2016,04:13,Cliente0659,5,tarjeta,100
509,7,CRFB880126FPLUEA78,1,12/11/2012,01:55,Cliente0660,4,efectivo,80
786,83,KEEC990619MQTHDO55,2,11/11/2013,00:18,Cliente0661,9,tarjeta,225
535,21,SAMC711103FGTWEH64,17,4/23/2018,11:08,Cliente0662,9,efectivo,108
759,49,CRPA890528MPLAHU58,4,01/09/2019,13:15,Cliente0663,3,tarjeta,45
471,10,VEEH800225MCSRRU48,5,01/01/2018,16:30,Cliente0664,3,efectivo,165
194,16,ALMA830409MSRMAL39,17,4/29/2017,04:58,Cliente0665,5,tarjeta,12.5
973,3,PAME910207FSLWCN51,7,6/14/2020,21:36,Cliente0666,6,efectivo,72
262,5,BETL920711FDGRWA64,8,7/26/2013,09:26,Cliente0667,7,tarjeta,350
689,37,FAJJ841022MBSLAU69,14,8/15/2013,16:53,Cliente0668,4,efectivo,100
167,96,KLAL900916FDGEIE04,10,06/02/2016,19:04,Cliente0669,3,tarjeta,75
261,22,MABP780714MMNFRA82,11,12/14/2014,07:37,Cliente0670,6,efectivo,168
612,74,PIGO910404FMNDED41,17,10/03/2015,12:25,Cliente0671,5,tarjeta,25
671,1,HUVR861220MTCGEO09,13,09/08/2015,22:22,Cliente0672,9,efectivo,225
707,81,FAIG991004MSPRTE27,14,8/26/2020,19:54,Cliente0673,1,tarjeta,18
903,67,BABG810617FHGUIA28,10,10/16/2018,22:52,Cliente0674,1,efectivo,8
755,51,AYBK761021GPLCRA42,16,12/13/2015,13:49,Cliente0675,8,tarjeta,120
496,31,SAMC711103FGTWEH64,17,2/23/2019,13:55,Cliente0676,7,efectivo,700
